,Open,High,Low,Close,Volume
,,,,,
2015-08-08,0.00299999,0.0041,0.00262,0.00312499,1205.803321
2015-08-09,0.00299999,0.0041,0.0024,0.00258069,898.123434
2015-08-10,0.00264996,0.0029021999999999997,0.0022,0.00264498,718.3652657
2015-08-11,0.00264959,0.0044,0.002414,0.00395009,3007.2741109999997
2015-08-12,0.00395464,0.0048822,0.00290994,0.0045,4690.075032
2015-08-13,0.0045,0.007999,0.0040100000000000005,0.00695489,8192.675011
2015-08-14,0.00688019,0.008888,0.0065,0.00683103,11651.548990000001
2015-08-15,0.0068579999999999995,0.00720508,0.0057,0.006377000000000001,4745.484895000001
2015-08-16,0.006377000000000001,0.006559000000000001,0.0041501,0.00618999,7666.273098999999
2015-08-17,0.00618999,0.006195,0.00439499,0.0047469999999999995,4618.675968
2015-08-18,0.00468502,0.00537203,0.004251,0.00513914,4321.566218
2015-08-19,0.00514,0.0057,0.005005,0.00550004,3728.0567579999997
2015-08-20,0.00550003,0.00657,0.00522825,0.006220000000000001,7236.153172
2015-08-21,0.00625,0.006776999999999999,0.0057111,0.00595881,5677.528871
2015-08-22,0.0059588,0.006490000000000001,0.005804999999999999,0.00595305,2285.268266
2015-08-23,0.00595285,0.006358,0.005599,0.00588889,4325.617489
2015-08-24,0.00595898,0.00614497,0.00577,0.00583353,1887.470634
2015-08-25,0.00583355,0.00594153,0.0050001,0.00513441,3373.8281920000004
2015-08-26,0.00513441,0.00528397,0.0047732,0.0051902,2463.805429
2015-08-27,0.00513501,0.005275,0.00498373,0.00510001,1399.6001390000001
2015-08-28,0.00510003,0.005229999999999999,0.00501005,0.0051,1020.5245570000001
2015-08-29,0.00509995,0.00519998,0.005,0.00514499,918.4553297
2015-08-30,0.00514496,0.006051,0.00506503,0.00575011,3426.15479
2015-08-31,0.00575004,0.00635,0.005226,0.0059119,3731.085653
2015-09-01,0.0059,0.00614,0.00581747,0.00592353,1907.9264699999999
2015-09-02,0.00592353,0.00596792,0.00545947,0.00565999,2147.969002
2015-09-03,0.00565755,0.00573918,0.00520361,0.00550007,1806.284582
2015-09-04,0.00550034,0.00573181,0.0053549999999999995,0.00550906,1190.493443
2015-09-05,0.00551032,0.00573,0.0055,0.0056995,683.5394769
2015-09-06,0.00565047,0.00574001,0.005369,0.00538311,838.5247379
2015-09-07,0.00538312,0.00548887,0.00510894,0.00517007,1136.557077
2015-09-08,0.00518003,0.0052488,0.00501111,0.00510405,763.3842242000003
2015-09-09,0.00511957,0.00528854,0.00500311,0.00508243,759.6596079
2015-09-10,0.00508502,0.005104999999999999,0.00475025,0.004868,1282.77872
2015-09-11,0.004868,0.0049285,0.00371,0.0040905,5256.187809
2015-09-12,0.00405016,0.00473,0.004,0.00444892,1718.1317559999998
2015-09-13,0.00441373,0.0044399999999999995,0.003886,0.00405726,1218.592324
2015-09-14,0.00403725,0.004164999999999999,0.00375,0.00377716,1687.820148
2015-09-15,0.00379998,0.0043333,0.00376701,0.0040950000000000005,1450.650893
2015-09-16,0.00409499,0.00412592,0.0039000999999999997,0.0039329000000000005,962.9446716
2015-09-17,0.00396272,0.003967,0.0035124,0.00378761,1913.88253
2015-09-18,0.00378761,0.00387,0.00353463,0.00366847,985.1758460000001
2015-09-19,0.00363425,0.0039700000000000004,0.00358007,0.00379001,662.2299321
2015-09-20,0.00380018,0.004129,0.0037579999999999996,0.00405714,932.5112947
2015-09-21,0.0040292999999999995,0.00421,0.00387,0.00407829,826.2002719
2015-09-22,0.00407858,0.00407867,0.00376944,0.00389586,520.0204316
2015-09-23,0.00390545,0.004,0.0038610999999999997,0.00387021,278.0780997
2015-09-24,0.00390116,0.0039675,0.0034100000000000003,0.00349091,1536.107555
2015-09-25,0.00349042,0.0035275,0.0030399999999999997,0.00316307,1582.153958
2015-09-26,0.00316224,0.00343488,0.0030011,0.00336503,1044.469446
2015-09-27,0.00338767,0.00338767,0.0031011,0.0031219999999999998,668.2445791
2015-09-28,0.0031325,0.00315,0.00230333,0.002426,3526.903853000001
2015-09-29,0.00241201,0.0029788,0.002332,0.0027705,2391.0032149999997
2015-09-30,0.00280785,0.0032,0.00265005,0.0031348,1570.460053
2015-10-01,0.00307717,0.0031311999999999998,0.00278,0.00285022,931.0309275000001
2015-10-02,0.00285109,0.00292957,0.00274001,0.00283028,532.4192522
2015-10-03,0.00286998,0.00298924,0.00283526,0.00286501,298.57765589999997
2015-10-04,0.00286501,0.00293101,0.00278,0.00281891,178.4797706
2015-10-05,0.002799,0.0028899999999999998,0.002611,0.0026111999999999997,413.03259860000003
2015-10-06,0.0026111999999999997,0.002691,0.002432,0.0026449999999999998,564.6973720999998
2015-10-07,0.00264494,0.002739,0.00244976,0.00251001,452.19241009999996
2015-10-08,0.00251619,0.00276917,0.00241113,0.00270046,685.6462646000001
2015-10-09,0.00270057,0.0028799,0.00260021,0.00265941,789.8600615
2015-10-10,0.00264441,0.00269091,0.00253735,0.00256765,255.7258759
2015-10-11,0.00256811,0.00261501,0.00251,0.00258599,203.4194616
2015-10-12,0.00256852,0.00267917,0.00253286,0.00256975,199.3145
2015-10-13,0.00256949,0.00258499,0.0023901,0.0024673000000000004,677.0906545
2015-10-14,0.0024575,0.00247103,0.00187935,0.00207953,2158.260307
2015-10-15,0.00207953,0.0022776,0.00202501,0.00220349,795.4860991
2015-10-16,0.00220249,0.00225281,0.00197946,0.0020301,500.3820744
2015-10-17,0.00203001,0.0021168000000000003,0.00195,0.00201506,559.7125566000002
2015-10-18,0.00201506,0.00206987,0.00193401,0.00198283,230.01027569999997
2015-10-19,0.00198276,0.00199888,0.00182018,0.00186176,450.4552449
2015-10-20,0.00185109,0.0019137,0.00158695,0.00161699,922.3712684000001
2015-10-21,0.00160154,0.001854,0.00155,0.0016801,1330.579146
2015-10-22,0.00167061,0.002341,0.00155666,0.00207495,1904.506907
2015-10-23,0.00207099,0.002325,0.001805,0.00196673,2286.540793
2015-10-24,0.00196679,0.00209166,0.00186039,0.00200898,473.23695430000004
2015-10-25,0.00200897,0.0023811,0.0019399999999999999,0.00216529,1335.8858480000001
2015-10-26,0.00218026,0.00269988,0.00209979,0.00257998,2471.958114
2015-10-27,0.00257182,0.00312,0.00246121,0.00300927,3622.814801
2015-10-28,0.00296541,0.00365,0.002635,0.00335422,4427.687165
2015-10-29,0.00335422,0.0039397,0.00307103,0.00387,4260.156021
2015-10-30,0.00387,0.00409999,0.00286002,0.00319999,4575.207601
2015-10-31,0.0031999000000000003,0.003264,0.0028,0.00290025,1254.944297
2015-11-01,0.00291025,0.00331818,0.00282383,0.00324,1035.433828
2015-11-02,0.00325873,0.00336021,0.002611,0.00277999,1882.2406190000002
2015-11-03,0.00276434,0.00287933,0.00223388,0.00250797,2896.9057510000002
2015-11-04,0.002513,0.00253254,0.00137002,0.00217009,5140.044479
2015-11-05,0.00219968,0.0025800000000000003,0.00205,0.00231062,2115.50865
2015-11-06,0.00231124,0.00268,0.00222246,0.00251351,1584.413847
2015-11-07,0.0025131999999999997,0.00252,0.00218398,0.00241499,1018.1288529999999
2015-11-08,0.00237301,0.00280377,0.0023488000000000003,0.00275901,1322.248356
2015-11-09,0.00275901,0.00305,0.00242012,0.0026291,3204.0924059999998
2015-11-10,0.00264061,0.0028486,0.00254637,0.0027702,1090.7442199999996
2015-11-11,0.00277022,0.002805,0.00222502,0.00253892,1841.8713559999999
2015-11-12,0.00252,0.0028,0.002345,0.00267466,1319.815268
2015-11-13,0.00267443,0.00274855,0.00255045,0.00268999,810.5725156000003
2015-11-14,0.00268998,0.0027300000000000002,0.00262001,0.00266874,326.4784123
2015-11-15,0.002684,0.0028803,0.0026550000000000002,0.0028168000000000004,495.09304060000005
2015-11-16,0.00282129,0.00298,0.00270359,0.00280366,826.1461647000001
2015-11-17,0.00280366,0.00310998,0.00270176,0.00298004,1826.149927
2015-11-18,0.00298003,0.00305122,0.00283,0.0029698,1094.834293
2015-11-19,0.00296965,0.00303969,0.00285001,0.00292813,453.2353749
2015-11-20,0.00293245,0.00296,0.0028,0.00289387,758.2641485
2015-11-21,0.00289268,0.00305112,0.00283581,0.00298102,648.0453992
2015-11-22,0.00299998,0.00305601,0.00295512,0.00299499,374.0798059
2015-11-23,0.00298015,0.00302405,0.00283233,0.00293723,664.8096109
2015-11-24,0.00293722,0.00297428,0.0027201,0.00279996,663.2668626
2015-11-25,0.00279996,0.00281,0.00259259,0.00262496,980.7585945000001
2015-11-26,0.00262496,0.0026925,0.002257,0.00249996,1442.994388
2015-11-27,0.00249998,0.00252395,0.00233101,0.00243999,485.97409819999996
2015-11-28,0.00243999,0.00264678,0.0024299,0.00255151,638.2506367999998
2015-11-29,0.00255151,0.00255982,0.00233101,0.00234324,727.8673327
2015-11-30,0.002358,0.00240147,0.0022199000000000003,0.00230693,1171.899392
2015-12-01,0.00230721,0.00249152,0.002281,0.0024,587.9545546
2015-12-02,0.0024,0.00250608,0.00226034,0.00228301,588.7286998
2015-12-03,0.002287,0.00230936,0.0021100000000000003,0.00223877,697.2321525
2015-12-04,0.00223877,0.00239999,0.0022,0.00230325,444.25241370000003
2015-12-05,0.00230428,0.00234,0.00216934,0.00219544,337.0582481
2015-12-06,0.00219542,0.00223831,0.00207485,0.00211985,634.9986598999999
2015-12-07,0.00213999,0.00219392,0.00196,0.00202774,709.7208299
2015-12-08,0.00202845,0.0020798,0.0019631,0.00197138,405.66469060000003
2015-12-09,0.00197141,0.00199689,0.00181729,0.00189001,735.5909502999997
2015-12-10,0.00189899,0.00209581,0.00187474,0.00201509,338.772788
2015-12-11,0.00202838,0.002172,0.00188893,0.00207441,918.839549
2015-12-12,0.00207405,0.00245,0.00205,0.00224001,1626.99443
2015-12-13,0.00222619,0.00229828,0.00212991,0.0022,311.5944714
2015-12-14,0.0022147,0.00231989,0.00218055,0.00223,471.15379440000004
2015-12-15,0.00222929,0.00229136,0.00215,0.002173,514.6337626000002
2015-12-16,0.00218935,0.00222319,0.00215,0.00218169,233.0039415
2015-12-17,0.0021850000000000003,0.00220999,0.00197723,0.00208077,544.3600552
2015-12-18,0.00207041,0.00208099,0.00196012,0.00198001,340.0560171
2015-12-19,0.00198001,0.00199128,0.00188893,0.00195059,245.59978969999997
2015-12-20,0.0019506,0.00218535,0.0019506,0.00203997,477.571995
2015-12-21,0.00203998,0.00211999,0.00199066,0.00205945,425.1367785
2015-12-22,0.00204169,0.00208581,0.00196801,0.00198633,391.5903915
2015-12-23,0.0019817999999999997,0.00201,0.0019,0.00192889,218.74070269999999
2015-12-24,0.00192914,0.00194736,0.00185876,0.00188327,284.6491143
2015-12-25,0.00188341,0.00193262,0.00188341,0.00191183,86.48829303
2015-12-26,0.00191183,0.00210999,0.00190252,0.00204086,395.65309510000003
2015-12-27,0.0020583000000000003,0.0020705,0.00200672,0.00201997,107.9246084
2015-12-28,0.00201988,0.00205037,0.00196,0.00200058,166.8702524
2015-12-29,0.00202107,0.00202109,0.001964,0.00201411,127.5941597
2015-12-30,0.00201424,0.00224174,0.00199002,0.00215,665.6023005
2015-12-31,0.00215,0.00233089,0.00213022,0.00216521,737.1299411
2016-01-01,0.00216521,0.00221,0.0021320999999999996,0.00217692,178.69975180000003
2016-01-02,0.00217673,0.00223,0.00214601,0.00215034,211.12957969999997
2016-01-03,0.00215031,0.00230989,0.00215,0.0022437,332.6931081
2016-01-04,0.00224371,0.00225999,0.00210801,0.00218069,281.3938367
2016-01-05,0.00218071,0.00225001,0.00216812,0.0022,167.2669688
2016-01-06,0.0022,0.00224058,0.00217088,0.002215,250.85282259999997
2016-01-07,0.002215,0.00229,0.00204893,0.00204944,668.0318437000002
2016-01-08,0.00204944,0.00221,0.00203531,0.00217001,400.2019303
2016-01-09,0.00217001,0.0022140000000000003,0.00215367,0.00219001,146.98548359999995
2016-01-10,0.00219027,0.0022760000000000002,0.00218002,0.00223245,363.5291498
2016-01-11,0.00223245,0.0023940000000000003,0.00221658,0.00236753,1144.2675769999996
2016-01-12,0.00236753,0.00291595,0.00233471,0.0026499,3518.74906
2016-01-13,0.0026079999999999996,0.00269029,0.00249,0.00259849,1021.317499
2016-01-14,0.00259996,0.00280897,0.00253607,0.0027922,754.1353184999997
2016-01-15,0.00279214,0.00343873,0.00270099,0.00334997,6346.111243
2016-01-16,0.00334989,0.003549,0.0031,0.00314864,4122.185513
2016-01-17,0.00314841,0.00349899,0.00310925,0.00347951,1728.187933
2016-01-18,0.0034795,0.004,0.0033799999999999998,0.00368471,7142.884159
2016-01-19,0.00368471,0.0037999,0.0033610999999999997,0.0036149999999999997,3407.3666829999997
2016-01-20,0.0036149999999999997,0.00398999,0.00351999,0.00367934,4258.603402000002
2016-01-21,0.00366,0.00380729,0.00354072,0.00379887,1888.0274190000002
2016-01-22,0.00379887,0.00395997,0.0037,0.00393986,2072.983396
2016-01-23,0.00393985,0.00532498,0.00389229,0.00503,11107.303909999999
2016-01-24,0.00502999,0.005775,0.00486,0.00529243,14752.6528
2016-01-25,0.00532999,0.00688249,0.005151,0.00637467,15836.37942
2016-01-26,0.00637467,0.0073209999999999985,0.0047,0.0058,24715.555659999998
2016-01-27,0.00579999,0.006640000000000001,0.0054321000000000005,0.00607994,11568.816929999999
2016-01-28,0.00606044,0.00705,0.00587,0.006679999999999999,8056.750404
2016-01-29,0.006679999999999999,0.007090000000000002,0.00590008,0.00666488,11079.58014
2016-01-30,0.00659569,0.0069099999999999995,0.00631095,0.00647687,5389.0516240000015
2016-01-31,0.00647684,0.00670227,0.00572946,0.00623988,9518.424998
2016-02-01,0.00627335,0.00627335,0.00561,0.00594538,5590.208086
2016-02-02,0.00595299,0.00654888,0.00575006,0.00649103,4798.367231
2016-02-03,0.00649104,0.00686,0.006257,0.00684379,5399.862231
2016-02-04,0.00684377,0.0068999,0.00641001,0.00661998,5146.7804719999995
2016-02-05,0.00662,0.006734899999999999,0.00627,0.00658077,3459.319992
2016-02-06,0.00658077,0.00679998,0.00649734,0.00670447,2619.774851
2016-02-07,0.00673685,0.00824989,0.00670345,0.00792,10432.49966
2016-02-08,0.0079,0.008741,0.0076,0.008495,14677.48776
2016-02-09,0.008498,0.010875,0.00847316,0.010751899999999998,26366.773419999998
2016-02-10,0.0108,0.012999700000000001,0.0095,0.0118,48091.85189
2016-02-11,0.01181246,0.017419999999999998,0.0112701,0.01600001,40602.30341
2016-02-12,0.01595758,0.0178,0.013212999999999999,0.014780000000000001,34565.125660000005
2016-02-13,0.014780000000000001,0.0152,0.01058763,0.01375961,38335.3656
2016-02-14,0.01379,0.0140101,0.0110211,0.01301665,15798.20751
2016-02-15,0.01302909,0.01456989,0.012345,0.01318106,19567.26425
2016-02-16,0.01318112,0.01365,0.00955,0.01061569,22505.768519999998
2016-02-17,0.01061568,0.01190191,0.00825017,0.009087600000000001,21669.25089
2016-02-18,0.009087600000000001,0.0122,0.008,0.010499,24346.11637
2016-02-19,0.01042217,0.01145,0.01004521,0.0112,8816.889843
2016-02-20,0.01120001,0.011311700000000001,0.00938,0.00995001,11576.9351
2016-02-21,0.00997661,0.0108,0.0096,0.01058748,6927.48592
2016-02-22,0.01059998,0.01305697,0.010569,0.013000000000000001,17603.2536
2016-02-23,0.01298001,0.01384999,0.01261,0.01339,17820.509319999994
2016-02-24,0.01338994,0.01487,0.0129,0.014721000000000001,14647.3304
2016-02-25,0.01467099,0.01577,0.01145678,0.01425001,32328.428330000002
2016-02-26,0.01425007,0.01475,0.013319999999999999,0.01369998,11190.394209999999
2016-02-27,0.013694999999999999,0.01514997,0.01362005,0.01484,11846.57655
2016-02-28,0.01479591,0.01561614,0.014612,0.01489,14702.55858
2016-02-29,0.01488995,0.01519999,0.0138,0.01443017,9120.774666
2016-03-01,0.01443017,0.01848705,0.014369999999999999,0.01761352,30988.508639999996
2016-03-02,0.01761352,0.0206,0.01699177,0.01999,44434.01803
2016-03-03,0.01991946,0.02388999,0.01961,0.02219996,58258.07544
2016-03-04,0.02206006,0.026000000000000002,0.0198,0.02501103,49260.87057
2016-03-05,0.02536733,0.031,0.02362626,0.0275,88235.54975
2016-03-06,0.0275,0.03,0.02251,0.02799978,55725.98671000001
2016-03-07,0.02799977,0.028891900000000005,0.022222,0.02296408,49814.104960000004
2016-03-08,0.02296408,0.02475,0.021222,0.02362115,30938.71698
2016-03-09,0.02362115,0.0294,0.02330001,0.02865,37646.10247
2016-03-10,0.02867089,0.02979987,0.026000000000000002,0.02719792,36655.0764
2016-03-11,0.02719792,0.02765,0.02453507,0.02630003,31601.3279
2016-03-12,0.02640999,0.033533,0.0262219,0.032838,72802.37694
2016-03-13,0.032838,0.0372,0.03270551,0.03487101,67140.12217999999
2016-03-14,0.034911000000000005,0.03678879,0.02690498,0.03,87991.41421
2016-03-15,0.03018972,0.031776,0.0282,0.03119,35433.81935
2016-03-16,0.03119,0.033199900000000004,0.02970001,0.02984011,31479.26979
2016-03-17,0.02989998,0.03032704,0.0245,0.0264,57122.565370000004
2016-03-18,0.0264,0.02729876,0.02041,0.02717099,69282.31476000001
2016-03-19,0.02717097,0.027489299999999998,0.0238,0.025644999999999998,35447.12961
2016-03-20,0.025644999999999998,0.0266,0.023,0.02491485,22830.20373
2016-03-21,0.02491482,0.029164999999999996,0.02450528,0.028687,42463.94282
2016-03-22,0.02868799,0.02888658,0.0266,0.027000000000000003,25967.07387
2016-03-23,0.027001,0.0298,0.02679844,0.029751,26271.961519999997
2016-03-24,0.029751,0.02995999,0.02578454,0.026993,36737.033039999995
2016-03-25,0.026999000000000002,0.027479000000000003,0.02508,0.025751999999999997,17782.89767
2016-03-26,0.025751,0.026962,0.02531001,0.026311,11918.544240000001
2016-03-27,0.026311,0.0267,0.02351011,0.02442801,22513.11851
2016-03-28,0.02442896,0.028139299999999996,0.02436073,0.027576999999999997,28662.731939999998
2016-03-29,0.027576999999999997,0.0288,0.02656997,0.027891000000000003,23137.37843
2016-03-30,0.027891000000000003,0.02943,0.02751102,0.028786000000000006,25679.85279
2016-03-31,0.028789,0.028999999999999998,0.0268,0.02738099,17580.5058
2016-04-01,0.02738099,0.0285,0.02719399,0.02789609,13945.054890000001
2016-04-02,0.02789609,0.027944,0.027001,0.027583,7316.893339
2016-04-03,0.02758294,0.02787622,0.02730001,0.02765,5282.821146
2016-04-04,0.02765,0.02766,0.02622299,0.026452999999999997,9328.36463
2016-04-05,0.026452999999999997,0.02667546,0.023839,0.0247,23241.57158
2016-04-06,0.02470001,0.02590121,0.024115599999999997,0.025230000000000002,16832.38224
2016-04-07,0.025230000000000002,0.02569639,0.02338892,0.023825,16569.39926
2016-04-08,0.023825,0.0246,0.022512,0.023180000000000003,19855.9142
2016-04-09,0.023175,0.02420166,0.02123424,0.02182468,24026.94807
2016-04-10,0.02181769,0.0221,0.0176,0.02119998,57606.753679999994
2016-04-11,0.02119924,0.02122525,0.01885,0.02041316,18882.35227
2016-04-12,0.02041345,0.02045224,0.016755000000000003,0.01749432,31408.396689999998
2016-04-13,0.01749432,0.02059,0.0165,0.01908427,42291.135369999996
2016-04-14,0.01908426,0.02083799,0.01880152,0.01973642,18553.32575
2016-04-15,0.01974776,0.02025159,0.01871,0.01918806,17615.73265
2016-04-16,0.01918805,0.02020202,0.0187,0.02,12362.186679999999
2016-04-17,0.01999999,0.02277,0.01980137,0.02181716,32721.31193
2016-04-18,0.02182221,0.022249900000000003,0.01977,0.02106255,31343.82213
2016-04-19,0.02106256,0.021752,0.01972636,0.01998563,17219.6157
2016-04-20,0.01998561,0.02029,0.0186,0.01917,20654.3201
2016-04-21,0.01917,0.01984,0.017601,0.01811964,16860.732790000002
2016-04-22,0.01811964,0.01873,0.01717001,0.01751463,15458.118380000002
2016-04-23,0.01749071,0.01922933,0.0172,0.01839906,18063.10494
2016-04-24,0.01840147,0.01878075,0.01730005,0.01742178,11759.50394
2016-04-25,0.01742177,0.01772301,0.01556155,0.016275,22309.90604
2016-04-26,0.01627499,0.0163984,0.015131100000000001,0.01583702,20568.96138
2016-04-27,0.01583702,0.01764,0.01566888,0.01742725,26627.86999
2016-04-28,0.01742767,0.01799,0.01582167,0.01600229,14777.700490000001
2016-04-29,0.016,0.0173,0.0158995,0.01637647,10554.67425
2016-04-30,0.01637647,0.02087,0.01637601,0.01964,47651.06266
2016-05-01,0.01964,0.02009,0.01865496,0.01969634,20069.21989
2016-05-02,0.01969629,0.02342666,0.01955666,0.02289764,52421.1773
2016-05-03,0.02289731,0.02289811,0.02035,0.02065105,25170.980369999997
2016-05-04,0.02065258,0.0225,0.02049999,0.0211,18442.8428
2016-05-05,0.02109611,0.0226,0.02070435,0.02195039,21366.91752
2016-05-06,0.02194953,0.02233346,0.019124400000000003,0.02034105,26869.063019999998
2016-05-07,0.02034198,0.02076243,0.019921,0.02050078,12416.7315
2016-05-08,0.02050078,0.021175,0.01939985,0.02066011,16803.84611
2016-05-09,0.02065974,0.021199000000000003,0.01971499,0.02014178,15324.766090000001
2016-05-10,0.02014817,0.02099,0.01996,0.02088962,10743.66146
2016-05-11,0.02088898,0.02213333,0.02075785,0.02211184,16821.0453
2016-05-12,0.02211151,0.02335,0.021718,0.02204581,28718.731480000002
2016-05-13,0.02204598,0.02441824,0.02191129,0.02306024,36675.71025
2016-05-14,0.02306024,0.02329,0.02129112,0.02245952,22925.49823
2016-05-15,0.02245952,0.02294888,0.02155,0.02177922,11425.7875
2016-05-16,0.02177922,0.02565,0.02175078,0.02458301,36733.95411
2016-05-17,0.02458228,0.0276,0.024467,0.02688164,47250.828669999995
2016-05-18,0.02688158,0.0315,0.0267,0.0296893,84883.21712999999
2016-05-19,0.02944359,0.03383502,0.0293,0.0337,66485.50332999999
2016-05-20,0.03368513,0.03415,0.03,0.03075,66016.75262
2016-05-21,0.03078783,0.031819,0.02952072,0.03168965,29624.09753000001
2016-05-22,0.03168962,0.0328,0.03105008,0.03254913,23380.6901
2016-05-23,0.03254913,0.0331,0.0298,0.03035895,27426.41498
2016-05-24,0.03035893,0.03108055,0.026600099999999998,0.02854996,48239.48489
2016-05-25,0.02855,0.028964999999999998,0.0260112,0.02783989,31326.192239999997
2016-05-26,0.027839999999999997,0.028999999999999998,0.026525999999999997,0.027389999999999998,22723.25318
2016-05-27,0.027389999999999998,0.02739205,0.0219,0.02384991,66869.72501000001
2016-05-28,0.023849900000000004,0.02509897,0.02067336,0.02251401,47013.33851
2016-05-29,0.02251534,0.02424001,0.02190001,0.02349993,28762.63852
2016-05-30,0.02349995,0.0241799,0.02265202,0.02383115,14007.753040000001
2016-05-31,0.02383114,0.0276,0.02337147,0.02654409,42599.06076
2016-06-01,0.02654409,0.02730185,0.02493,0.02608117,20567.93615
2016-06-02,0.02608117,0.02644825,0.0251287,0.025529,8277.682531999999
2016-06-03,0.02552087,0.02590276,0.02292579,0.0242886,19673.66201
2016-06-04,0.0242886,0.02472463,0.02282726,0.02404874,13689.22385
2016-06-05,0.02404868,0.02474902,0.02339568,0.02438698,9564.926824
2016-06-06,0.02438769,0.02449291,0.02346794,0.02379876,7290.292758
2016-06-07,0.02379876,0.02537502,0.0234,0.0251532,18544.04095
2016-06-08,0.02515281,0.02584801,0.02456229,0.02480092,12777.353290000001
2016-06-09,0.02480013,0.02555001,0.02470804,0.02502307,6056.764981
2016-06-10,0.02502257,0.02515,0.02391,0.02403496,7718.105390000002
2016-06-11,0.02403496,0.0241775,0.0232124,0.02335071,10082.306040000001
2016-06-12,0.02337056,0.02399938,0.022080000000000002,0.02341899,26765.94248
2016-06-13,0.02340001,0.025300200000000002,0.02290139,0.02494003,19403.9113
2016-06-14,0.02494,0.028099000000000002,0.02494,0.02763762,37524.11148
2016-06-15,0.02762427,0.027795,0.026050999999999998,0.02643199,10631.4843
2016-06-16,0.02643203,0.02723999,0.02562311,0.02688999,15332.638030000002
2016-06-17,0.02688917,0.02798924,0.01722,0.02052849,102682.44099999999
2016-06-18,0.02052849,0.02055684,0.01243657,0.0149243,79485.43022000001
2016-06-19,0.01492333,0.01765997,0.01402,0.01603166,43667.320139999996
2016-06-20,0.01603166,0.01652898,0.0137,0.01606888,36376.73603
2016-06-21,0.01606888,0.0204,0.01604435,0.01959998,53073.19911
2016-06-22,0.019597,0.02389997,0.019,0.02216703,75724.92222000001
2016-06-23,0.02216704,0.023455200000000002,0.02151181,0.02183901,20609.61781
2016-06-24,0.02185157,0.02190605,0.019998,0.02154587,21364.05078
2016-06-25,0.02155556,0.02185,0.020666999999999998,0.02140001,11052.04696
2016-06-26,0.02140966,0.0232217,0.02137278,0.0219363,10971.6062
2016-06-27,0.02193538,0.02229,0.0212,0.02129997,7963.532067
2016-06-28,0.02129997,0.0213,0.01765,0.01883932,27365.25517
2016-06-29,0.01881674,0.0205,0.01809139,0.01970076,18545.267330000002
2016-06-30,0.01970078,0.02004998,0.01844388,0.0185,10358.3999
2016-07-01,0.01849999,0.018619999999999998,0.017221,0.018098,11942.90237
2016-07-02,0.01809955,0.0181,0.017153,0.017241,6060.174269
2016-07-03,0.01724959,0.018156,0.017159999999999998,0.01777967,6781.886883
2016-07-04,0.01778145,0.01799086,0.01678597,0.0167924,8719.233704
2016-07-05,0.01679195,0.01699147,0.01415,0.01581388,28649.806739999996
2016-07-06,0.01581424,0.01649997,0.01518,0.01553048,12624.48648
2016-07-07,0.01553046,0.01622999,0.015011000000000004,0.0157886,10426.780990000001
2016-07-08,0.01574201,0.0175,0.01555,0.01707421,11125.817490000001
2016-07-09,0.0170742,0.017349,0.0164,0.01686006,10173.048920000001
2016-07-10,0.01686007,0.01710037,0.016525,0.01684892,3665.9471320000002
2016-07-11,0.01684892,0.01687904,0.015736,0.01609686,8935.025089
2016-07-12,0.01609681,0.01655549,0.0155,0.01579437,7556.8823120000025
2016-07-13,0.01579437,0.0161,0.01552086,0.01606961,5164.803127
2016-07-14,0.01607008,0.01776518,0.01606998,0.01744296,16345.83133
2016-07-15,0.01744091,0.01875698,0.01735,0.01797933,16175.62111
2016-07-16,0.01799095,0.0181,0.017401,0.01755,7396.332347
2016-07-17,0.01755,0.0176,0.01615917,0.01640043,12646.85895
2016-07-18,0.01639999,0.0171,0.01618,0.016391,11116.65882
2016-07-19,0.01639089,0.018024900000000003,0.01631267,0.01722888,13735.65269
2016-07-20,0.01722888,0.0195,0.01715,0.01872492,43290.78963
2016-07-21,0.01872492,0.01914,0.0179675,0.019,15623.74439
2016-07-22,0.019,0.02288,0.01869028,0.02250589,52014.74631
2016-07-23,0.022505900000000002,0.02289828,0.02131657,0.02177867,21082.06664
2016-07-24,0.02177867,0.0222,0.01823,0.01926412,58477.537679999994
2016-07-25,0.01926467,0.02125,0.01912187,0.02114563,27139.5486
2016-07-26,0.02114563,0.02125,0.0176,0.0188,76784.28839
2016-07-27,0.01880283,0.0207,0.01815,0.01986,40848.79241
2016-07-28,0.01984869,0.01998655,0.01926203,0.01927695,5127.076233
2016-07-29,0.01960083,0.019698,0.019141,0.01943865,6839.241692000001
2016-07-30,0.01943865,0.0195,0.0189007,0.018930000000000002,4776.537231
2016-07-31,0.01891221,0.01974999,0.01799723,0.01899365,16086.450069999999
2016-08-01,0.01899573,0.01929999,0.01800555,0.01800555,13361.78362
2016-08-02,0.01806188,0.01833014,0.01353001,0.01611892,71610.75533
2016-08-03,0.01611996,0.0185,0.01598468,0.01819629,48810.79924
2016-08-04,0.01819629,0.0197,0.01776077,0.01906891,35170.49373
2016-08-05,0.019088,0.01947229,0.0187,0.01895,13008.52642
2016-08-06,0.01894798,0.01902654,0.01791116,0.01850273,14422.916490000001
2016-08-07,0.01850184,0.0189,0.018121,0.018353,10658.1524
2016-08-08,0.018353,0.0192639,0.01826466,0.01908032,9280.495062
2016-08-09,0.01906145,0.021286000000000003,0.01900999,0.02082661,32280.7313
2016-08-10,0.02082889,0.021299900000000004,0.01991,0.020531999999999998,18629.59465
2016-08-11,0.020531999999999998,0.020835,0.0195,0.019871,12143.6404
2016-08-12,0.01987224,0.02059297,0.0198,0.020069,9516.110693999999
2016-08-13,0.020069,0.02012624,0.01958901,0.019793,5767.4399630000025
2016-08-14,0.019793,0.02011,0.01945002,0.0196551,6164.777344
2016-08-15,0.01963818,0.0198814,0.0194,0.01983911,5388.688029
2016-08-16,0.01983911,0.019869,0.01914,0.01926044,4202.801878
2016-08-17,0.01925833,0.01937288,0.01871,0.01877,5219.248844
2016-08-18,0.01877,0.01927256,0.01865103,0.01870997,4359.625378
2016-08-19,0.01871,0.01887677,0.018593000000000002,0.01867797,3120.8853649999996
2016-08-20,0.01867797,0.0195,0.01867796,0.01933935,5089.7437549999995
2016-08-21,0.01933933,0.01935047,0.0188,0.01925729,3462.875866
2016-08-22,0.0192593,0.0195,0.0188,0.01897105,5219.83475
2016-08-23,0.01897105,0.0192081,0.018663,0.01892309,4478.68925
2016-08-24,0.01892525,0.01924511,0.01887566,0.01900408,3106.557684
2016-08-25,0.01900303,0.01976314,0.01900001,0.0196507,6665.378973
2016-08-26,0.0196507,0.019886,0.019309700000000003,0.0194992,4741.674449
2016-08-27,0.01949957,0.01977467,0.019377000000000002,0.01954752,1937.643959
2016-08-28,0.01954752,0.01959045,0.01897524,0.01901409,4949.048377
2016-08-29,0.01901206,0.019430000000000003,0.01860188,0.019163999999999997,6575.627186
2016-08-30,0.01916368,0.01968999,0.018930000000000002,0.01945841,6002.908339
2016-08-31,0.01945835,0.02036523,0.01931679,0.0203267,9084.356056
2016-09-01,0.02032235,0.02225,0.0202,0.02088536,21910.3497
2016-09-02,0.02088536,0.0215,0.020732,0.02102058,7560.217583
2016-09-03,0.02102057,0.021551,0.019,0.01958553,11592.78563
2016-09-04,0.01958556,0.01974689,0.01891,0.01919971,5020.939345000002
2016-09-05,0.01919975,0.01962093,0.019053999999999998,0.01931682,3853.292729
2016-09-06,0.01932826,0.01934831,0.01873,0.019136,5308.786526
2016-09-07,0.019136,0.01927287,0.01866401,0.01877884,4696.610339
2016-09-08,0.01877884,0.01900857,0.017800999999999997,0.018188,8418.189623
2016-09-09,0.01818607,0.018843900000000004,0.0180875,0.018682,3384.9420939999995
2016-09-10,0.018682,0.019653,0.01844809,0.01951813,4984.284315
2016-09-11,0.0195181,0.01964296,0.01858052,0.01917285,6729.847446
2016-09-12,0.01917034,0.01970999,0.019077,0.01946527,4789.716457
2016-09-13,0.0194632,0.02004299,0.01941902,0.019495,6906.348567
2016-09-14,0.019495,0.01964992,0.019111000000000003,0.01950003,3498.8739590000005
2016-09-15,0.01950501,0.019871,0.019505,0.01962654,4431.398139
2016-09-16,0.01962834,0.0211777,0.0195,0.020694999999999998,13245.00656
2016-09-17,0.02072499,0.02106815,0.0204558,0.02085645,6613.160727
2016-09-18,0.02092359,0.0214,0.01966901,0.0203799,16927.92799
2016-09-19,0.02035113,0.02172999,0.02030992,0.02172681,10760.0748
2016-09-20,0.0217,0.02375,0.021466299999999997,0.02372551,25200.87893000001
2016-09-21,0.0237255,0.0241,0.02200007,0.02297365,25397.25585
2016-09-22,0.02296967,0.02299322,0.020712,0.022180000000000002,24360.10427
2016-09-23,0.02215853,0.02246269,0.02185612,0.02206989,7462.078048
2016-09-24,0.02207103,0.02215,0.020703,0.02136,8858.509909
2016-09-25,0.02136,0.02189,0.02118404,0.02180502,4896.494735
2016-09-26,0.02180502,0.022000000000000002,0.02102103,0.02117835,5583.790684000001
2016-09-27,0.021183,0.02185955,0.02111109,0.02160001,4297.60336
2016-09-28,0.0216,0.022397999999999998,0.02155,0.02197787,6127.057425
2016-09-29,0.02195,0.02212351,0.02147539,0.02150058,3032.105286
2016-09-30,0.0216315,0.022085,0.02143,0.02162,3896.469218
2016-10-01,0.02161325,0.02190099,0.021074000000000002,0.02144742,3946.51068
2016-10-02,0.02144742,0.0218084,0.02132948,0.021591,2300.440305
2016-10-03,0.021591,0.02215295,0.02148112,0.02194401,5513.651845
2016-10-04,0.021946900000000002,0.02219799,0.02158647,0.0217334,6410.671034
2016-10-05,0.02177367,0.02189,0.021159999999999998,0.02122697,6133.828189
2016-10-06,0.02122151,0.02150199,0.02065854,0.0209,8038.938584
2016-10-07,0.0209,0.021222,0.02024,0.0205113,5339.811836999998
2016-10-08,0.02050924,0.020549900000000003,0.01929999,0.01972994,8370.281643
2016-10-09,0.01970601,0.02008728,0.01928001,0.01952541,4764.020855
2016-10-10,0.01950099,0.0195584,0.01866,0.01899364,7098.101023
2016-10-11,0.01899362,0.01958666,0.0181,0.018352,7510.920812
2016-10-12,0.01834402,0.01905114,0.018215000000000002,0.01875291,6683.306758
2016-10-13,0.018715,0.01926789,0.0184,0.01885676,5807.894461
2016-10-14,0.01885677,0.019,0.018566,0.01863001,1888.361434
2016-10-15,0.01863001,0.01889,0.01830659,0.018744999999999998,2693.507055
2016-10-16,0.01872781,0.01889697,0.01851,0.01858664,1851.3177440000002
2016-10-17,0.01860177,0.018878,0.0184,0.018803999999999998,3598.9785479999996
2016-10-18,0.01878921,0.02022798,0.01876001,0.01972003,13618.205880000001
2016-10-19,0.01975477,0.01986331,0.01884401,0.019093000000000002,7009.5585599999995
2016-10-20,0.01908757,0.01956589,0.01896001,0.01919512,4945.902193999998
2016-10-21,0.01919503,0.01928812,0.01901,0.01915895,2137.075878
2016-10-22,0.01915895,0.01918888,0.01819302,0.01844004,4254.741741
2016-10-23,0.01844297,0.01854649,0.0181,0.01827829,2367.7165760000007
2016-10-24,0.01827068,0.018474900000000002,0.0182,0.01823001,1855.850702
2016-10-25,0.01823001,0.0183,0.016791,0.01731644,12292.29414
2016-10-26,0.01731845,0.01795613,0.01685004,0.01700553,4486.312878
2016-10-27,0.01700553,0.01705,0.0163,0.01669611,7813.619427
2016-10-28,0.0166961,0.01692979,0.01585524,0.01605,7890.424212000001
2016-10-29,0.01605936,0.01614167,0.01315,0.01463269,16870.61577
2016-10-30,0.01463999,0.016542599999999998,0.01447742,0.01594341,11267.8583
2016-10-31,0.01594339,0.0165,0.01543909,0.01565014,8835.028181
2016-11-01,0.01565043,0.015799,0.01396937,0.014759999999999999,14202.927580000001
2016-11-02,0.014759999999999999,0.01552473,0.0145,0.01450001,6001.970784
2016-11-03,0.0145,0.01612043,0.01449258,0.01567324,9558.556356000001
2016-11-04,0.01567586,0.016,0.01539231,0.01587054,4817.479222
2016-11-05,0.015824,0.01589944,0.01552001,0.015712,2303.242302
2016-11-06,0.01573872,0.01577581,0.015280000000000004,0.01529012,2400.914792
2016-11-07,0.01528006,0.0158,0.01523333,0.015477000000000001,2001.469966
2016-11-08,0.01545002,0.01558881,0.015040000000000001,0.01523277,3311.2714309999997
2016-11-09,0.01523277,0.01527735,0.01395,0.01478958,9333.834934999999
2016-11-10,0.01475057,0.01497589,0.0145541,0.01470099,2231.819304
2016-11-11,0.0147,0.01484627,0.01429346,0.01435001,3493.4885329999997
2016-11-12,0.01435043,0.01462,0.013669999999999998,0.01402201,6438.439793
2016-11-13,0.01402201,0.01508997,0.01400302,0.01436,5354.206791
2016-11-14,0.01436,0.01450846,0.014122,0.01413501,1751.7894379999998
2016-11-15,0.01414528,0.01451194,0.01384167,0.014360900000000001,3786.503793
2016-11-16,0.014360900000000001,0.01456073,0.01323001,0.01351701,6419.036057
2016-11-17,0.01351702,0.01368497,0.01305989,0.01349798,3642.1013399999997
2016-11-18,0.01349798,0.01359858,0.0123,0.01259995,6939.255289
2016-11-19,0.01259998,0.0130995,0.012557200000000001,0.012819999999999998,2520.0892059999996
2016-11-20,0.01283499,0.01336969,0.01261521,0.01310014,3006.167254
2016-11-21,0.01310038,0.01322499,0.01282002,0.01301079,1564.7756550000001
2016-11-22,0.01300403,0.01384,0.01270685,0.013190799999999999,7154.748476999999
2016-11-23,0.013190799999999999,0.01347059,0.01299011,0.013221,2337.273029
2016-11-24,0.013216,0.013243000000000001,0.011000000000000001,0.01247099,9469.656236
2016-11-25,0.01245878,0.01328372,0.01241308,0.01266583,4520.744421
2016-11-26,0.01266424,0.01295257,0.01254343,0.01261566,1524.81143
2016-11-27,0.01262621,0.01279781,0.01185344,0.01224143,4821.491959
2016-11-28,0.01231998,0.01231998,0.0118,0.01184203,3093.4570129999997
2016-11-29,0.01184203,0.0119005,0.010111,0.01107,10599.808659999999
2016-11-30,0.01106095,0.01191502,0.01105031,0.011507,6929.3178549999975
2016-12-01,0.01150697,0.01159599,0.01098,0.01116389,3508.7421
2016-12-02,0.01116389,0.011179000000000001,0.0094,0.00999506,11806.617629999999
2016-12-03,0.00999507,0.0107238,0.00996,0.01027459,8766.842818000001
2016-12-04,0.01027459,0.01038313,0.009559999999999999,0.00963,5939.215751
2016-12-05,0.00960122,0.01007575,0.00863997,0.008976999999999999,11693.42513
2016-12-06,0.008976999999999999,0.01043988,0.0076,0.01033318,35272.56989
2016-12-07,0.01033319,0.01119798,0.00958,0.01091903,14840.304390000001
2016-12-08,0.01091903,0.01157992,0.01062222,0.01062222,10892.0954
2016-12-09,0.010631999999999999,0.01127002,0.01042658,0.01089721,9259.914229
2016-12-10,0.01090495,0.01102995,0.01029807,0.01049026,5184.497894
2016-12-11,0.01048812,0.01079592,0.01043761,0.01064599,3443.762522
2016-12-12,0.010635700000000001,0.01119232,0.01052339,0.010921,5818.45843
2016-12-13,0.01093897,0.01094985,0.0106425,0.01076511,2162.04275
2016-12-14,0.01076511,0.011009999999999999,0.01049976,0.01054682,3472.7366
2016-12-15,0.01056999,0.01057916,0.00987,0.01007653,6768.948912000003
2016-12-16,0.010077,0.01018,0.00987821,0.010005,2240.9194469999998
2016-12-17,0.01003194,0.01004999,0.00922,0.00988012,4404.846555
2016-12-18,0.00988016,0.01009809,0.00972529,0.00996499,2751.327338
2016-12-19,0.00996498,0.009965,0.00954002,0.0096311,2919.4107440000002
2016-12-20,0.00963795,0.00988825,0.00942669,0.009575,2396.33417
2016-12-21,0.0095971,0.00971581,0.00945,0.009475,3930.697188
2016-12-22,0.009475,0.00950721,0.008555,0.00876501,9707.083163
2016-12-23,0.008765,0.00876501,0.00769247,0.00774715,10685.96286
2016-12-24,0.00774714,0.0082975,0.00770875,0.00808,3775.983682
2016-12-25,0.00807639,0.0084,0.00795486,0.007975,4896.977773
2016-12-26,0.00798,0.0082099,0.00777945,0.00804223,2887.587148
2016-12-27,0.00803237,0.00816026,0.007522,0.00765869,4419.680576
2016-12-28,0.00765899,0.008089,0.00730204,0.0076950000000000005,8774.335342
2016-12-29,0.0076950000000000005,0.0089,0.0076875,0.00851328,13804.165219999999
2016-12-30,0.00851204,0.00897,0.00840201,0.008490000000000001,5123.8300880000015
2016-12-31,0.00848081,0.00862798,0.00825101,0.00833002,2082.879719
2017-01-01,0.008334999999999999,0.0089306,0.008001000000000001,0.0082,5968.97587
2017-01-02,0.00819922,0.008434,0.007823,0.00822048,5162.78464
2017-01-03,0.00821774,0.00975,0.00803322,0.00928,12499.794909999999
2017-01-04,0.00928799,0.010099,0.009000000000000001,0.009745,14953.471930000005
2017-01-05,0.009745,0.0104479,0.00925111,0.01018516,15295.67061
2017-01-06,0.01017179,0.01164452,0.0101,0.011271999999999999,15134.917580000001
2017-01-07,0.01127199,0.01186993,0.01011,0.0108305,10469.43451
2017-01-08,0.0108304,0.011489,0.010513,0.01130598,5662.565873
2017-01-09,0.011306,0.01219876,0.011000000000000001,0.01152505,12787.67793
2017-01-10,0.01151352,0.0119178,0.011221,0.011595000000000001,5192.7402219999985
2017-01-11,0.011594799999999999,0.01244999,0.01141613,0.01233044,10840.94585
2017-01-12,0.01233107,0.012629999999999999,0.01189914,0.01205061,6076.682421
2017-01-13,0.01205057,0.01221149,0.01145,0.01172708,4900.323273
2017-01-14,0.01172708,0.01199998,0.011459,0.01183501,2636.755092000001
2017-01-15,0.011844,0.012098999999999999,0.01176996,0.01185899,1863.662098
2017-01-16,0.01185,0.01188799,0.01140236,0.011525,3293.0883519999998
2017-01-17,0.01153499,0.011890000000000001,0.011028,0.01131758,6320.543195
2017-01-18,0.01133002,0.01178128,0.01131001,0.01154172,2928.445689
2017-01-19,0.01154159,0.011640000000000001,0.011309999999999999,0.01154801,2197.161838
2017-01-20,0.01154101,0.0121,0.01152515,0.01183,4188.912027
2017-01-21,0.01180915,0.01200099,0.01128,0.01183701,4367.890228
2017-01-22,0.01183701,0.01184665,0.01151,0.01155999,1988.8696929999999
2017-01-23,0.01156017,0.01178682,0.01151007,0.01178682,1964.302972
2017-01-24,0.01178682,0.01196,0.011608,0.01193999,2239.9508809999998
2017-01-25,0.01193999,0.01193999,0.01165558,0.01171993,1547.963318
2017-01-26,0.01171992,0.01175603,0.01137,0.01152501,3157.39855
2017-01-27,0.01152501,0.011554,0.01130001,0.01145395,2189.760406
2017-01-28,0.01144895,0.01151672,0.01126135,0.011481,1466.076866
2017-01-29,0.011481,0.01150346,0.01131111,0.011426500000000001,928.9596907
2017-01-30,0.01142702,0.01172,0.01134551,0.01146999,2230.8341739999996
2017-01-31,0.01146101,0.011505,0.01093784,0.01104601,4033.2293670000004
2017-02-01,0.011045999999999999,0.0112,0.010671,0.01082706,3921.413051
2017-02-02,0.01082706,0.01086405,0.01065569,0.01068001,2437.203913
2017-02-03,0.01068799,0.010819,0.0104,0.010803,3362.086582
2017-02-04,0.010817,0.011229000000000001,0.010790000000000001,0.01096206,3713.2849189999997
2017-02-05,0.01095701,0.01114343,0.0109,0.01101004,1278.135363
2017-02-06,0.011035,0.01109599,0.01085001,0.011025,1421.635016
2017-02-07,0.01100047,0.01111403,0.01084507,0.01087199,1499.765917
2017-02-08,0.01087199,0.01089,0.01061028,0.01074999,2151.456799
2017-02-09,0.01074999,0.011304999999999999,0.01060703,0.01107381,6199.160259
2017-02-10,0.01107381,0.01158822,0.01105697,0.01136674,3452.34882
2017-02-11,0.01136674,0.01148275,0.011142,0.01126101,2042.709979
2017-02-12,0.01126101,0.01140697,0.01121496,0.01140697,1308.726713
2017-02-13,0.01140678,0.01146204,0.01121032,0.011343,1563.706318
2017-02-14,0.011343,0.0135,0.01132117,0.01292041,14708.41019
2017-02-15,0.01292041,0.01296907,0.01249868,0.012740600000000001,5212.868594
2017-02-16,0.01277799,0.01277799,0.01211361,0.01237207,4884.017484
2017-02-17,0.01238404,0.01241,0.01190195,0.01206999,2921.64047
2017-02-18,0.012069,0.01214999,0.01188,0.01214,2342.76334
2017-02-19,0.01212,0.01225034,0.01202515,0.012148,1687.199559
2017-02-20,0.012148,0.012401,0.01114739,0.01130003,3889.241653
2017-02-21,0.011326000000000001,0.01170547,0.01120004,0.01132921,4061.1751659999995
2017-02-22,0.0113319,0.0115712,0.011031000000000001,0.01122001,2689.885109
2017-02-23,0.01121555,0.011418000000000001,0.011040000000000001,0.011170000000000001,2570.5825579999996
2017-02-24,0.011170000000000001,0.01150461,0.010628,0.01104639,5163.630411
2017-02-25,0.01104639,0.01199023,0.01095612,0.011751000000000001,4559.852319
2017-02-26,0.011751000000000001,0.012440000000000001,0.0115348,0.01239751,5415.1496590000015
2017-02-27,0.01239751,0.0132,0.01206166,0.012974000000000001,8629.245146
2017-02-28,0.01296,0.01345997,0.0126,0.013269999999999999,17937.2299
2017-03-01,0.01327036,0.01425,0.012674,0.01411201,10341.80711
2017-03-02,0.01411201,0.01539997,0.01359903,0.01507501,19722.24206
2017-03-03,0.01509808,0.016333,0.01425,0.0151,22136.398709999998
2017-03-04,0.0151,0.01562999,0.01456,0.01456294,4795.418258
2017-03-05,0.01456294,0.015340000000000001,0.014386000000000001,0.0150999,4560.763767
2017-03-06,0.01509496,0.01577478,0.014869899999999997,0.01525399,5812.669295000002
2017-03-07,0.01525401,0.01563,0.01492476,0.01528057,7719.398587999999
2017-03-08,0.01528057,0.01538368,0.01436987,0.01442511,8685.077384
2017-03-09,0.01442509,0.014975,0.0139,0.01481076,5024.197734
2017-03-10,0.0148107,0.018062,0.01382688,0.01742839,21942.500490000002
2017-03-11,0.01735679,0.01870736,0.01623228,0.01815014,16568.30877
2017-03-12,0.01815069,0.01949,0.01784,0.01902472,16015.56411
2017-03-13,0.01903646,0.0253,0.01900002,0.022877,62234.29551
2017-03-14,0.02291101,0.02439032,0.021,0.02294994,26293.12475
2017-03-15,0.02294994,0.0279,0.0225,0.02789999,41008.68671
2017-03-16,0.0279,0.040699,0.02752283,0.03868,112142.7396
2017-03-17,0.03868,0.0474,0.03238,0.04168,130148.0597
2017-03-18,0.04168,0.042,0.03189799,0.035,73298.5104
2017-03-19,0.035,0.04389996,0.03499999,0.04224002,55468.04322000001
2017-03-20,0.042245,0.04385083,0.0388,0.0408,50044.67767
2017-03-21,0.04080293,0.04125278,0.0371,0.038094,23123.10542
2017-03-22,0.038094,0.041101,0.0365,0.04000001,28178.78217
2017-03-23,0.040001999999999996,0.042896,0.0384,0.04181135,29508.69875
2017-03-24,0.04181135,0.05789989,0.04139918,0.0564,88737.0411
2017-03-25,0.05639999,0.0575,0.05011517,0.052548000000000004,85090.5226
2017-03-26,0.05254740000000002,0.05417711,0.04823277,0.05220508,44438.777989999995
2017-03-27,0.05240495,0.05329541,0.04560283,0.04689399,38595.30942
2017-03-28,0.04690374,0.0493,0.04574158,0.0482251,31447.936760000004
2017-03-29,0.04830099,0.05298799,0.04770101,0.05072,45413.25451
2017-03-30,0.05070504,0.0519947,0.049010000000000005,0.049803,23015.1716
2017-03-31,0.049803,0.049892,0.0432,0.045922000000000004,40367.03755
2017-04-01,0.04592201,0.0484,0.04389899,0.04623951,30867.717510000002
2017-04-02,0.04623952,0.04734826,0.03531,0.04370309,41931.99643
2017-04-03,0.0437031,0.04387925,0.03700012,0.03819766,54856.67356
2017-04-04,0.03819766,0.0405111,0.0355108,0.03877701,48857.591010000004
2017-04-05,0.03886498,0.04246882,0.03855731,0.03969998,26792.93956
2017-04-06,0.03965901,0.0399034,0.03343,0.036180000000000004,40485.27407
2017-04-07,0.03617999,0.03783,0.0346,0.03528362,23918.5014
2017-04-08,0.03528362,0.04244,0.03528362,0.037474,23429.65296
2017-04-09,0.037405,0.03772527,0.03554014,0.03609801,17126.602919999998
2017-04-10,0.03610302,0.03708997,0.03514101,0.03615636,9527.762498999999
2017-04-11,0.03615636,0.03718684,0.035401199999999994,0.03569304,9294.999259999999
2017-04-12,0.03569304,0.0407,0.03555921,0.03810601,22035.85613
2017-04-13,0.03810135,0.044000000000000004,0.037955,0.04249997,40262.14436000001
2017-04-14,0.0424754,0.04267001,0.03902659,0.04012602,23633.33163
2017-04-15,0.04012602,0.04300003,0.03931001,0.041500999999999996,18921.67456
2017-04-16,0.04158539,0.04162094,0.0403402,0.04100496,7897.765687999998
2017-04-17,0.04100496,0.04124999,0.0384,0.04009989,11115.07848
2017-04-18,0.04009988,0.0419625,0.03965728,0.04136,12736.823690000001
2017-04-19,0.0413589,0.04210002,0.03627659,0.03925,17071.356369999998
2017-04-20,0.03929999,0.04035,0.038443,0.03983678,19469.60036
2017-04-21,0.03983678,0.03986,0.03814,0.03863579,10208.0409
2017-04-22,0.0386371,0.03984998,0.03845243,0.03895548,7758.419223000001
2017-04-23,0.038897,0.039582,0.0383,0.03919504,6997.982245
2017-04-24,0.03919344,0.04048775,0.03919344,0.03990015,12548.36286
2017-04-25,0.03990016,0.04007898,0.0389,0.03911949,6887.168481000002
2017-04-26,0.03921999,0.04179945,0.039001999999999995,0.041036,24587.61099
2017-04-27,0.041036,0.04748514,0.040506,0.0472551,58610.05657000001
2017-04-28,0.04726004,0.0545,0.04661145,0.053457000000000005,81125.59222
2017-04-29,0.05345701,0.0545,0.04965219,0.0514001,38333.566530000004
2017-04-30,0.05149988,0.0589,0.05142337,0.05823999,52152.27349
2017-05-01,0.0581,0.0605,0.048600199999999996,0.05300004,88752.63068999998
2017-05-02,0.05303879,0.055,0.04913,0.05251799,44282.81735
2017-05-03,0.05251799,0.05460623,0.0507701,0.05311562,28998.926239999997
2017-05-04,0.05311563,0.0631,0.05233706,0.06150021,67251.75386
2017-05-05,0.06167282,0.06301,0.0565,0.0593,70489.32694
2017-05-06,0.0593,0.06075,0.05750085,0.0604899,26809.505530000002
2017-05-07,0.06048993,0.0622,0.0555,0.05839985,34880.39047
2017-05-08,0.05833034,0.05858594,0.052000000000000005,0.05209979,45255.45302
2017-05-09,0.05209979,0.05369246,0.038648199999999994,0.05060001,69968.26345
2017-05-10,0.05060001,0.05287537,0.04780001,0.0492,26636.66071
2017-05-11,0.04922437,0.05076366,0.0468,0.04799003,21883.09218
2017-05-12,0.04799004,0.05171,0.046875,0.0502,23571.46776
2017-05-13,0.0502,0.0517,0.0485,0.04925001,10637.75048
2017-05-14,0.04925001,0.05030002,0.048310000000000006,0.04979914,8730.326461
2017-05-15,0.04958006,0.05499999,0.04950827,0.05210048,28184.810760000004
2017-05-16,0.05210048,0.05394179,0.04807501,0.04947899,24222.11067
2017-05-17,0.04947999,0.04978298,0.04631331,0.04790839,22834.217090000002
2017-05-18,0.04790839,0.05285,0.047800999999999996,0.050724,23422.79755
2017-05-19,0.05060499,0.0658735,0.05005323,0.06317,79008.83898
2017-05-20,0.06319999,0.0653,0.05825,0.05971611,45131.10624
2017-05-21,0.05976382,0.07238998,0.0583,0.07229998,59366.509529999996
2017-05-22,0.07220001,0.0865,0.06685,0.07468504,127417.3922
2017-05-23,0.07466207,0.078,0.06779999,0.07445,45079.181639999995
2017-05-24,0.07445,0.08471099,0.07323992,0.07682554,63256.26669
2017-05-25,0.0767623,0.07974999,0.07160546,0.07480009,53012.53045
2017-05-26,0.07477659,0.0771,0.07065389,0.07206974,33446.6011
2017-05-27,0.07206972,0.07790003,0.0642,0.07580006,58455.175
2017-05-28,0.07580006,0.0807,0.07485,0.07856060000000001,35911.33489
2017-05-29,0.07856062,0.08632026,0.07661982,0.08580023,43449.11871
2017-05-30,0.08580023,0.11298319,0.08228378,0.10580019,139565.8549
2017-05-31,0.10580019,0.10819996,0.0942,0.09969489999999999,109955.58099999999
2017-06-01,0.09969999,0.09988187,0.08801913,0.09154499,64242.04646000001
2017-06-02,0.09154499,0.0955,0.08893999999999999,0.08932999,32596.103639999998
2017-06-03,0.08929989,0.09168,0.08549152,0.08800000000000001,28820.87648000001
2017-06-04,0.08800000000000001,0.10042999,0.08794301,0.09712,58822.741539999995
2017-06-05,0.09712,0.09789498,0.09161,0.09170021,30707.13473
2017-06-06,0.09170021,0.09447566,0.08630998,0.09179996,39116.46911000001
2017-06-07,0.09209998,0.09517350000000001,0.09165837,0.09480958,20915.31192
2017-06-08,0.09485213,0.09572,0.09199999,0.0926,17810.27689
2017-06-09,0.0924,0.09988999999999999,0.092399,0.09910001,25529.77897
2017-06-10,0.09910001,0.122,0.09880479,0.11647888,88709.64351000002
2017-06-11,0.11647888,0.12285,0.10738912,0.11380986,82097.47266
2017-06-12,0.11380986,0.15123937,0.11341001,0.15020004,181655.9874
2017-06-13,0.15020004,0.1529664,0.12849523,0.1436,105384.0304
2017-06-14,0.14359999,0.14405968,0.1350003,0.1401,53005.448039999996
2017-06-15,0.14010001,0.1428387,0.1294,0.14250191,80639.47538999999
2017-06-16,0.14250191,0.14490999999999998,0.13687,0.14275711,34567.37719
2017-06-17,0.14275711,0.14299089,0.13699999999999998,0.13975,31031.259039999997
2017-06-18,0.13975,0.144111,0.1381001,0.14024989,31233.79742
2017-06-19,0.14019957,0.1416,0.13802211,0.1381,24169.06541
2017-06-20,0.13828,0.1412,0.11300001,0.13029997,63173.3469
2017-06-21,0.13029996,0.1337,0.11050454,0.1235,68069.59167000001
2017-06-22,0.12366869999999999,0.1253,0.116525,0.12062,30546.983839999997
2017-06-23,0.120991,0.1251002,0.11853485,0.12158461,23272.7285
2017-06-24,0.12158462,0.12238549,0.11821,0.11863,15325.38122
2017-06-25,0.11863,0.120499,0.103574,0.11131194,50494.82219
2017-06-26,0.11110011,0.1145,0.09266236,0.105,87709.10377999999
2017-06-27,0.105,0.1121,0.0928,0.11179999,58795.150539999995
2017-06-28,0.11179999,0.12500699,0.10570467,0.12388996,68822.15609
2017-06-29,0.12388998,0.12649999,0.11354683,0.11544934,52363.35648
2017-06-30,0.11544934,0.12039999,0.1105,0.11400002,37641.864819999995
2017-07-01,0.11400002,0.1142076,0.10504360000000001,0.10874293,39030.9272
2017-07-02,0.10870275,0.116905,0.1059,0.11321418,29698.13595
2017-07-03,0.11321418,0.11365,0.10763941,0.10865144,19242.22126
2017-07-04,0.10851580000000001,0.1089,0.106,0.10728362,4429.602754
2017-07-05,0.1033,0.1054,0.0984,0.10185681,22840.40783
2017-07-06,0.10166632,0.10560101,0.10021288,0.10235998,15664.08244
2017-07-07,0.10235997,0.1033,0.0956,0.09637649,19512.08041
2017-07-08,0.09633197,0.0983,0.09314993,0.09631526,19436.02417
2017-07-09,0.09630001,0.09798,0.09428801,0.09496619999999999,10233.736429999999
2017-07-10,0.09496619999999999,0.09550351,0.083,0.08770298,34731.38108
2017-07-11,0.08770298,0.09099999,0.07428721,0.08261191,65037.45805
2017-07-12,0.08261191,0.09490001,0.078551,0.09433887,44729.79505
2017-07-13,0.0942,0.09445794,0.08261931,0.08763502,30292.642410000004
2017-07-14,0.08778999999999999,0.08999998,0.08288271,0.0889791,29934.87129
2017-07-15,0.08897911,0.09146884,0.0854,0.08580499999999999,23211.54928000001
2017-07-16,0.08590004,0.08644692,0.07400000000000001,0.08127000000000001,67160.7516
2017-07-17,0.08127001,0.08640271,0.08062058,0.08540002,38567.04647
2017-07-18,0.08549993,0.1115,0.0825,0.09848001,82461.90742
2017-07-19,0.09848001,0.10266989999999998,0.0832,0.08638,74728.84032999999
2017-07-20,0.08638,0.09481471,0.07320001,0.0791,57964.2868
2017-07-21,0.079,0.0864,0.07819239,0.08131685,35589.90962
2017-07-22,0.08143597,0.08392838,0.079,0.08176635,16441.55647
2017-07-23,0.08176635,0.08386799,0.08070988,0.08312,14335.815840000001
2017-07-24,0.08314332,0.08349988,0.08146705,0.08185,7577.658917
2017-07-25,0.08185,0.0819,0.07499739999999999,0.07934,22814.72916
2017-07-26,0.07933582,0.0816,0.0777,0.0804,11958.51244
2017-07-27,0.08040307,0.08048999999999999,0.07566482,0.07622632,10388.91778
2017-07-28,0.07621,0.07630222,0.06612,0.06861999,30697.60862
2017-07-29,0.06861999,0.07822799999999999,0.0662,0.07626000000000001,21769.8733
2017-07-30,0.07629232,0.078,0.07048894,0.07090508,16122.565519999998
2017-07-31,0.07094367,0.07286518,0.06630005,0.07035614,14408.06851
2017-08-01,0.07035614,0.08486927,0.07034611,0.08299195,33971.59809
2017-08-02,0.08289001,0.08420361,0.0793485,0.08065843,13026.031140000001
2017-08-03,0.08060001,0.08403702,0.07976265,0.08050219,9372.888772
2017-08-04,0.08050648,0.0819,0.07679924,0.07719621,9204.671301999999
2017-08-05,0.0772,0.0784807,0.0709224,0.07794252,17515.72124
2017-08-06,0.07794252,0.08389944,0.0774,0.08201997,16441.84286
2017-08-07,0.08201997,0.08267493,0.07860079,0.0793999,9205.610827
2017-08-08,0.07941164,0.08789053,0.0784475,0.08661057,19537.83669
2017-08-09,0.08661057,0.09375,0.08557729,0.08814987,35677.14817
2017-08-10,0.08825053,0.09060009,0.08680005,0.08690003,10502.92707
2017-08-11,0.08699758,0.08842485,0.083,0.08480587,13291.50994
2017-08-12,0.08483788,0.0882,0.08261932,0.08261999,6204.133324
2017-08-13,0.07938626,0.07968,0.0501,0.07198376,32510.05029
2017-08-14,0.0732441,0.07635721,0.07077373,0.07273391,7247.433523999999
2017-08-15,0.069092,0.07213708,0.06534553,0.06889139,19112.754719999997
2017-08-16,0.06890399999999999,0.0734,0.06852943,0.06876,14589.438880000005
2017-08-17,0.06876,0.07114999,0.06850001,0.07010048,9696.520545
2017-08-18,0.07019997,0.07290599,0.06923107,0.07132100000000001,10908.476509999999
2017-08-19,0.07132100000000001,0.072988,0.07,0.07058675,12841.66682
2017-08-20,0.07068957,0.07371,0.07040014,0.07352502,7213.589872
2017-08-21,0.07350010000000001,0.08704373,0.0717166,0.0805,39587.12136000001
2017-08-22,0.08050002,0.08628002,0.07536403,0.07660172,23005.80795
2017-08-23,0.07657582,0.07935,0.075,0.07658963,10637.59356
2017-08-24,0.07658,0.07905251,0.07415395,0.0754,10010.1179
2017-08-25,0.0754,0.07764157,0.07435522,0.07552346,6980.881337999999
2017-08-26,0.07552344,0.07844278,0.07530964,0.07663076,7336.823834999997
2017-08-27,0.07666266,0.08043005,0.07551001,0.080359,7433.650881999999
2017-08-28,0.08043005,0.0815,0.078298,0.079203,9636.920114
2017-08-29,0.07930646,0.0848,0.07895,0.0812,14973.306819999998
2017-08-30,0.08119999,0.0848,0.08030001,0.08367435,14103.1946
2017-08-31,0.08375221,0.08384557,0.08142009,0.08194806,8525.898453
2017-09-01,0.08194805,0.08337873,0.07919889999999999,0.07955,10290.664840000001
2017-09-02,0.07961198,0.07979731,0.07320379,0.07642043,14589.68256
2017-09-03,0.076415,0.07846777,0.075,0.07633602,7036.7710959999995
2017-09-04,0.07633602,0.07643296,0.06668491,0.07038424,26379.91825
2017-09-05,0.0705094,0.07233939,0.06711210000000001,0.07229587,14439.79074
2017-09-06,0.07214748,0.07428893,0.07195373,0.07343771,7312.762209999999
2017-09-07,0.07343771,0.0737997,0.07124645,0.07257149,4999.422756
2017-09-08,0.07257149,0.07268150000000001,0.0687,0.07076661,8984.518748999999
2017-09-09,0.07076661,0.07096872,0.06939141,0.07022015,3655.659606
2017-09-10,0.07022017,0.07100999,0.0687,0.07042000000000001,5284.653972
2017-09-11,0.0704456,0.07218059,0.06970324,0.07067312,5369.240696
2017-09-12,0.0709,0.0725,0.07000005,0.07069798,6341.464382
2017-09-13,0.07069999,0.0715,0.06733991,0.07131701,8709.831629
2017-09-14,0.07144642,0.07169618,0.0672,0.069002,13045.76082
2017-09-15,0.069002,0.07139999,0.067,0.06987499,16377.66299
2017-09-16,0.06986499,0.0704,0.0681034,0.06888254,6904.925684999997
2017-09-17,0.06885831,0.07032898,0.06803079,0.069996,3917.531521
2017-09-18,0.06999599,0.0757,0.06980295,0.07260001,10447.656140000001
2017-09-19,0.07277436,0.0733,0.0716,0.07254712,5470.650814
2017-09-20,0.07259998,0.07331556,0.07183003,0.07317597,2977.426799
2017-09-21,0.07330895,0.07372753,0.0705,0.07125,5813.097974
2017-09-22,0.07125,0.07295112,0.0711,0.07287635,4433.522027
2017-09-23,0.07286000000000001,0.07566152,0.07200009,0.07565939,4409.822104
2017-09-24,0.07565939,0.07829816,0.07562789,0.07700385,5720.995389
2017-09-25,0.07700385,0.07729997,0.07484013,0.07531107,4158.208804999998
2017-09-26,0.07531107,0.07539578,0.07357195,0.07425663,4523.425445
2017-09-27,0.07425925,0.07455997,0.07232062,0.07355961,5193.882576
2017-09-28,0.07379995,0.07400237,0.0718788,0.07226522,5072.890259000002
2017-09-29,0.07226522,0.0724781,0.06935356,0.07021210000000001,5630.245564
2017-09-30,0.07033739,0.07076002,0.069422,0.06956265,2203.735638
2017-10-01,0.06956265,0.07006446,0.068979,0.068979,2162.276722
2017-10-02,0.068979,0.06913605,0.06700101,0.06750122,2929.611078
2017-10-03,0.06767729,0.06877808,0.06700001,0.06766788,2914.4614
2017-10-04,0.06772709,0.07089294,0.06760093,0.06921000000000001,3158.91932
2017-10-05,0.06921000000000001,0.06977883,0.0676,0.068264,3009.348851
2017-10-06,0.068332,0.071,0.06785,0.0708,2525.152403
2017-10-07,0.07082499,0.07200010000000001,0.06998407,0.07027516,3236.879702
2017-10-08,0.07027,0.0705,0.06688704,0.06710542,3329.08677
2017-10-09,0.06720778,0.06759295,0.05832819999999999,0.062192,11709.60938
2017-10-10,0.06219201,0.06357302,0.06006527,0.06269601,5236.753869
2017-10-11,0.06272601,0.06370583,0.06160406,0.062782,3124.785082
2017-10-12,0.06289999,0.06355719,0.05152271,0.05569299,11104.25872
2017-10-13,0.055558,0.06219999,0.05061,0.05987497,19815.43614
2017-10-14,0.0597,0.06184899,0.05719999,0.05805750000000001,5320.227808
2017-10-15,0.05795556,0.06057999,0.05696713,0.0591,4817.9489189999995
2017-10-16,0.0591,0.06243318,0.0576,0.05795139,7711.488366
2017-10-17,0.05791,0.0585712,0.05500001,0.05634201,4672.668367
2017-10-18,0.05643494,0.05768117,0.05549101,0.05618001,3747.319915
2017-10-19,0.05705,0.05898,0.05681,0.057379999999999994,130.5395
2017-10-20,0.05728,0.05823,0.05271,0.053110000000000004,775.67155
2017-10-21,0.05309,0.054770000000000006,0.049010000000000005,0.053810000000000004,744.83802
2017-10-22,0.05387,0.0549,0.05197,0.05197,344.97686
2017-10-23,0.05244,0.05301,0.05002,0.052239999999999995,795.40624
2017-10-24,0.05292,0.061989999999999996,0.0523,0.057460000000000004,1017.84644
2017-10-25,0.05766,0.058289999999999995,0.054479999999999994,0.05484,339.24024
2017-10-26,0.05479,0.05582,0.05281,0.05315,223.60205
2017-10-27,0.05318,0.05529,0.052660000000000005,0.05482000000000002,314.33788
2017-10-28,0.05482000000000002,0.055220000000000005,0.05345,0.05517999999999999,377.10012
2017-10-29,0.05524,0.058789999999999995,0.052379999999999996,0.0532,614.0876
2017-10-30,0.05329,0.05649,0.053239999999999996,0.05504,363.48416000000003
2017-10-31,0.05499,0.055889999999999995,0.05131,0.05309,536.79299
2017-11-01,0.05285,0.05313,0.04551,0.04621,797.3073400000003
2017-11-02,0.04556,0.0505,0.04,0.045,2179.44
2017-11-03,0.045,0.04979,0.043,0.04893,429.26289
2017-11-04,0.04875,0.05049,0.04512,0.04674,248.04917999999998
2017-11-05,0.04674,0.047189999999999996,0.04415,0.046310000000000004,150.09071
2017-11-06,0.0461,0.0515,0.04604,0.05033,610.45257
2017-11-07,0.05033,0.05106,0.0432,0.04887,2092.41792
2017-11-08,0.048510000000000005,0.05,0.04022,0.044000000000000004,1733.6
2017-11-09,0.04405,0.05001,0.044000000000000004,0.04835,756.9676
2017-11-10,0.04835,0.0508,0.046689999999999995,0.048389999999999996,485.06136
2017-11-11,0.048260000000000004,0.05499,0.047060000000000005,0.05268,692.53128
2017-11-12,0.05321,0.05749,0.04659,0.052270000000000004,1325.93309
2017-11-13,0.052270000000000004,0.05649,0.04956,0.051460000000000006,592.76774
2017-11-14,0.05101,0.056870000000000004,0.05002,0.055439999999999996,1366.42968
2017-11-15,0.05546,0.05546,0.04704,0.04841,767.9762400000003
2017-11-16,0.04807,0.05039,0.04451,0.04559,921.55626
2017-11-17,0.0453,0.0475,0.04392,0.04705,479.95705
2017-11-18,0.047139999999999994,0.04974,0.0457,0.0484,269.346
2017-11-19,0.04846,0.05449,0.0446,0.04676,1147.44364
2017-11-20,0.04682,0.048960000000000004,0.04453,0.04761,822.60558
2017-11-21,0.04755,0.04917,0.04615,0.04736,468.76928
2017-11-22,0.04735,0.0504,0.046610000000000006,0.05026,575.12518
2017-11-23,0.050210000000000005,0.056970000000000014,0.04925,0.05571,2801.6559
2017-11-24,0.05542999999999999,0.064,0.0527,0.06239,5257.04379
2017-11-25,0.06246,0.065,0.0578,0.05815,3023.6837
2017-11-26,0.05802,0.058289999999999995,0.05011,0.054479999999999994,2693.81808
2017-11-27,0.05475,0.055720000000000006,0.05123,0.052070000000000005,1685.9224600000002
2017-11-28,0.05206,0.052739999999999995,0.0488,0.0503,947.1489999999999
2017-11-29,0.05042,0.051460000000000006,0.0422,0.0456,2528.2008
2017-11-30,0.045610000000000005,0.047,0.04301,0.04547,750.93705
2017-12-01,0.04535,0.04616,0.04343,0.04383,345.46806000000015
2017-12-02,0.04383,0.04464,0.04313,0.04343,174.71889
2017-12-03,0.04347,0.04372,0.04129,0.04212,364.42224
2017-12-04,0.042210000000000004,0.0424,0.04106,0.04172,157.03408000000005
2017-12-05,0.04158,0.04167,0.03864,0.03984,459.47472
2017-12-06,0.03984,0.03988,0.03005,0.03128,877.7480800000003
2017-12-07,0.03126,0.0322,0.02461,0.024909999999999998,1083.65973
2017-12-08,0.024919999999999998,0.032369999999999996,0.02361,0.02845,1177.51705
2017-12-09,0.02841,0.03569,0.02752,0.03198,570.5232
2017-12-10,0.03153,0.0338,0.02752,0.02877,316.64262
2017-12-11,0.028610000000000007,0.032,0.02694,0.03143,639.75765
2017-12-12,0.031439999999999996,0.0399,0.03048,0.038669999999999996,4329.84123
2017-12-13,0.038689999999999995,0.045489999999999996,0.03652,0.04385,3871.99885
2017-12-14,0.04402,0.04716,0.04074,0.04335,2358.6735
2017-12-15,0.04307,0.043160000000000004,0.034010000000000006,0.04205,974.0462
2017-12-16,0.042069999999999996,0.04442,0.035,0.03646,73.4669
2017-12-17,0.03753,0.040139999999999995,0.03684,0.038380000000000004,29.399079999999998
2017-12-18,0.038060000000000004,0.043460000000000006,0.03707,0.0423,49.7448
2017-12-19,0.0421,0.0485,0.04188,0.04772,37.88968
2017-12-20,0.04773,0.05125,0.04652,0.05085,52.88399999999999
2017-12-21,0.05083,0.05195,0.04968,0.05006,34.2911
2017-12-22,0.05149,0.052520000000000004,0.04654,0.04954,38.8889
2017-12-23,0.04954,0.04955,0.04828,0.04893,35.32745999999999
2017-12-24,0.048960000000000004,0.05267,0.04836,0.04967,24.73566
2017-12-25,0.05064,0.054979999999999994,0.0504,0.05366,28.06418
2017-12-26,0.053989999999999996,0.054970000000000005,0.048010000000000004,0.05294,107.89171999999999
2017-12-27,0.052829999999999995,0.052829999999999995,0.049710000000000004,0.05114,30.377159999999996
2017-12-28,0.05114,0.053470000000000004,0.05055,0.05092,87.88792
2017-12-29,0.05092,0.05329,0.05051,0.053279999999999994,299.54016
2017-12-30,0.053279999999999994,0.05777,0.051989999999999995,0.057,493.392
2017-12-31,0.057,0.05774,0.054000000000000006,0.056879999999999986,323.02152
2018-01-01,0.056879999999999986,0.06,0.0564,0.0599,345.0839
2018-01-02,0.059879999999999996,0.07198,0.0544,0.06126,1998.9138
2018-01-03,0.06117,0.06786,0.05902,0.06522,1116.37074
2018-01-04,0.06521,0.07299,0.06359,0.06655,1156.04005
2018-01-05,0.06656000000000001,0.07485,0.05504,0.05976,1613.52
2018-01-06,0.05956,0.06308,0.057329999999999985,0.05968,1002.1465599999999
2018-01-07,0.05981,0.071,0.05981,0.071,1387.8370000000002
2018-01-08,0.07099,0.07891000000000001,0.069,0.07575,2573.45475
2018-01-09,0.07581,0.08992,0.07576000000000001,0.08788,2353.69004
2018-01-10,0.0879,0.09648999999999999,0.081,0.081,3380.454
2018-01-11,0.08151,0.09187999999999999,0.08138,0.08415,1188.0297
2018-01-12,0.08486,0.09179,0.08258,0.09158,650.58432
2018-01-13,0.09137,0.10355,0.09,0.09967000000000001,1463.85329
2018-01-14,0.09967000000000001,0.1009,0.09672,0.10056,810.71472
2018-01-15,0.10063,0.1031,0.09025,0.094,1531.1660000000006
2018-01-16,0.09412999999999999,0.09631,0.08133,0.09058,2092.3979999999997
2018-01-17,0.09043,0.09299,0.07934,0.09162000000000001,1463.35464
2018-01-18,0.09139,0.09228,0.08766,0.08936000000000001,848.92
2018-01-19,0.08943,0.09084,0.0883,0.08900000000000001,418.656
2018-01-20,0.08900000000000001,0.09043999999999999,0.087,0.0896,409.92
2018-01-21,0.08957999999999999,0.091,0.08832999999999999,0.0901,366.2565
2018-01-22,0.08992,0.0921,0.08968,0.09124,386.58387999999997
2018-01-23,0.09125,0.09219,0.08851,0.08965,371.6889
2018-01-24,0.08971,0.09617,0.08942,0.09347000000000001,692.51923
2018-01-25,0.09365,0.09522,0.09256,0.09358,457.51262
2018-01-26,0.09393,0.09688,0.091,0.09479,766.09278
2018-01-27,0.09477000000000001,0.09906000000000001,0.09379,0.09802999999999999,596.41452
2018-01-28,0.09801,0.10805,0.0975,0.10643,1517.58537
2018-01-29,0.10643,0.1075,0.10369,0.1062,1143.1368
2018-01-30,0.1062,0.11177999999999999,0.10151,0.107,1621.799
2018-01-31,0.10699000000000004,0.11168,0.10638,0.10994000000000001,1136.7796
2018-02-01,0.10995,0.12458,0.10984000000000001,0.11417000000000001,3918.88525
2018-02-02,0.11394000000000001,0.11452000000000001,0.09636,0.10359000000000004,2972.1006899999998
2018-02-03,0.10387,0.10715999999999999,0.0985,0.10552,893.1212800000003
2018-02-04,0.10540999999999999,0.10575,0.09755,0.10044,885.5794800000001
2018-02-05,0.10042999999999999,0.10300000000000001,0.09645,0.10125,1349.055
2018-02-06,0.10119,0.10248,0.09341,0.10227,1224.27417
2018-02-07,0.10216,0.10221000000000001,0.09905,0.09947,423.44379000000004
2018-02-08,0.09927000000000001,0.10103999999999999,0.09609,0.0986,459.3774
2018-02-09,0.09861,0.10172,0.09861,0.10134,405.56268
2018-02-10,0.10164,0.10165,0.0997,0.09991,258.7669
2018-02-11,0.0999,0.10119,0.09955,0.10111,239.73181
2018-02-12,0.10089,0.10092999999999999,0.09591000000000001,0.09712,508.4232
2018-02-13,0.09708,0.09835,0.0965,0.0981,401.5233
2018-02-14,0.09827000000000001,0.09917000000000001,0.0963,0.09746,614.38784
2018-02-15,0.09746,0.09746,0.09156,0.09272000000000001,1029.4701599999999
2018-02-16,0.09272000000000001,0.095,0.09169,0.0927,419.7456
2018-02-17,0.09286,0.0933,0.08699,0.08793,603.81531
2018-02-18,0.08792,0.08918,0.08645,0.08789,412.11621
2018-02-19,0.08797999999999999,0.0888,0.08367000000000001,0.08392000000000001,509.05872
2018-02-20,0.08392000000000001,0.08403,0.07701000000000001,0.07893,1487.12013
2018-02-21,0.07894,0.08186,0.07799,0.08033,1083.7320300000001
2018-02-22,0.08033,0.0825,0.07944,0.08227000000000001,689.66941
2018-02-23,0.08227000000000001,0.08617000000000001,0.08183,0.08445,897.5346
2018-02-24,0.08421000000000001,0.08684,0.08287,0.08601,510.0393
2018-02-25,0.08613,0.08846,0.08588,0.0881,349.4927
2018-02-26,0.08814,0.08946,0.08358,0.0842,713.0056
2018-02-27,0.0842,0.08532000000000001,0.08173,0.08225,489.55199999999996
2018-02-28,0.08225,0.08351,0.0798,0.08272,867.4019199999997
2018-03-01,0.08279,0.08327000000000001,0.0796,0.07994,506.0202
2018-03-02,0.07973999999999999,0.08002000000000001,0.0771,0.07751,680.3052700000002
2018-03-03,0.07736,0.07754,0.0738,0.07392,1210.0704
2018-03-04,0.07395,0.07777,0.07392,0.07487,1034.9280099999999
2018-03-05,0.07486,0.07557,0.07318,0.0742,670.2486
2018-03-06,0.0742,0.07664,0.07400000000000001,0.07583,727.36136
2018-03-07,0.07593,0.077,0.07342,0.07636,952.591
2018-03-08,0.0762,0.0771,0.07397999999999999,0.07475,907.6145
2018-03-09,0.07475,0.0786,0.07454,0.07847,1175.9514199999999
2018-03-10,0.07844,0.07983,0.07701000000000001,0.0778,718.6386
2018-03-11,0.07798,0.0795,0.075,0.07574,602.73892
2018-03-12,0.07574,0.07724,0.07485,0.07667,513.22898
2018-03-13,0.07658999999999999,0.07724,0.07493999999999999,0.07552,441.4144
2018-03-14,0.07547999999999999,0.07627,0.07266,0.07428,422.43035999999995
2018-03-15,0.07429,0.0749,0.07307000000000001,0.07447999999999999,204.89448000000002
2018-03-16,0.07417,0.07439,0.07132999999999999,0.07202,313.57508
2018-03-17,0.07219,0.07328,0.06953,0.06987,378.34605
2018-03-18,0.06987,0.06987,0.06126,0.06562,3331.8555
2018-03-19,0.06562,0.06649,0.06375,0.065,863.07
2018-03-20,0.0651,0.06534,0.06246,0.06373999999999999,1221.5771000000002
2018-03-21,0.06377999999999999,0.06579,0.06237,0.06311,1121.71714
2018-03-22,0.06307,0.0641,0.061570000000000014,0.06201,321.45984
2018-03-23,0.06205,0.06217,0.06096,0.06132000000000001,371.66052
2018-03-24,0.06136000000000001,0.06258999999999999,0.0608,0.0619,813.4278999999997
2018-03-25,0.06191,0.06318,0.06007000000000001,0.06242,1010.5798
2018-03-26,0.06242,0.06257,0.05925,0.060279999999999986,1284.5668
2018-03-27,0.060279999999999986,0.06044,0.05633,0.05743,1352.13192
2018-03-28,0.05745,0.05866,0.05602000000000002,0.05627000000000002,854.9663800000003
2018-03-29,0.056,0.0575,0.05501,0.0562,119.0878
2018-03-30,0.0562,0.0582,0.05536,0.05819,742.79535
2018-03-31,0.05819,0.060029999999999986,0.05756,0.05771,640.9272599999998
2018-04-01,0.057710000000000004,0.057929999999999995,0.05605,0.05637,662.62935
2018-04-02,0.05637,0.05683,0.0551,0.05527000000000002,573.7026
2018-04-03,0.05527000000000002,0.057120000000000004,0.05405,0.05704,1089.464
2018-04-04,0.05704,0.05725,0.053,0.05631,1084.64322
2018-04-05,0.05631,0.057,0.055689999999999996,0.05679,640.47762
2018-04-06,0.05679,0.0569,0.05591,0.05621,295.8894400000001
2018-04-07,0.05621,0.0568,0.05582,0.05637,187.43025
2018-04-08,0.05637,0.05765,0.05608,0.05741,317.0754300000001
2018-04-09,0.05741,0.06111000000000001,0.057329999999999985,0.06,2602.68
2018-04-10,0.06,0.0627,0.059539999999999996,0.061689999999999995,1389.93739
2018-04-11,0.06169,0.06248,0.06031,0.062179999999999985,2588.11814
2018-04-12,0.062179999999999985,0.06352999999999999,0.06,0.06316000000000001,2640.151160000001
2018-04-13,0.06316000000000001,0.0659,0.06212,0.06326,2221.62794
2018-04-14,0.06326,0.0639,0.06272,0.06326,591.54426
2018-04-15,0.06326,0.06429,0.0525,0.06422,1701.3162399999999
2018-04-16,0.06422,0.06454,0.06325,0.06384,537.2774400000002
2018-04-17,0.06384,0.06465,0.06362999999999999,0.06454,602.8036
2018-04-18,0.06454,0.06584,0.0643,0.06563,1367.7948299999996
2018-04-19,0.06563,0.06988,0.06536,0.06961,2447.209160000001
2018-04-20,0.06961,0.07354,0.068,0.07185,4011.60105
2018-04-21,0.07185,0.07196,0.06695,0.06875,3074.5000000000005
2018-04-22,0.06875,0.07291,0.06788,0.07146,2028.32064
2018-04-23,0.07146,0.07354,0.07149,0.07306,1553.32866
2018-04-24,0.07306,0.07725,0.07305,0.07439,3885.98482
2018-04-25,0.07439,0.07466,0.068,0.07105,5124.76545
2018-04-26,0.07105,0.07359,0.06972,0.07304,1743.53784
2018-04-27,0.07304,0.07455,0.07229,0.07326,1161.2442600000004
2018-04-28,0.07326,0.0749,0.07301,0.07439,733.4854
2018-04-29,0.07439,0.07536,0.07335,0.07447999999999999,1153.47176
2018-04-30,0.07447999999999999,0.0758,0.07275,0.07347999999999999,1527.2818
2018-05-01,0.07347999999999999,0.07516,0.07163,0.07485,1517.3592
2018-05-02,0.07485,0.07641,0.07439,0.07594,1570.4391999999998
2018-05-03,0.07594,0.08247,0.07595,0.08138,4513.9858399999985
2018-05-04,0.08138,0.08436,0.08082,0.08255,4011.1045
2018-05-05,0.08255,0.0863,0.08247,0.08582000000000001,3248.0295399999995
2018-05-06,0.08582000000000001,0.0863,0.081,0.08399,3591.49639
2018-05-07,0.08399,0.08423,0.07801,0.08257,6364.5781700000025
2018-05-08,0.08257,0.08486,0.08077000000000001,0.08322,3012.9801
2018-05-09,0.08322,0.08413,0.08025,0.0832,3236.1472
2018-05-10,0.0832,0.08474,0.0813,0.08171,2196.20138
2018-05-11,0.08171,0.08385,0.07925,0.08257,3190.09195
2018-05-12,0.08257,0.08319,0.07877999999999999,0.08217,2874.8817900000013
2018-05-13,0.08217,0.0872,0.08144,0.08589,2577.38712
2018-05-14,0.08589,0.08642000000000001,0.084,0.08569,2422.97044
2018-05-15,0.08569,0.0868,0.08163,0.08432,2518.97568
2018-05-16,0.08432,0.08603,0.08354,0.08585,1722.92365
2018-05-17,0.08585,0.08665,0.08163,0.08378,2300.34746
2018-05-18,0.08378,0.08517999999999999,0.08316,0.08517999999999999,1607.7725
2018-05-19,0.08517999999999999,0.0863,0.08404,0.08487,1508.05503
2018-05-20,0.08487,0.08615,0.08434,0.08513,1380.55321
2018-05-21,0.08513,0.08537,0.083,0.08397,1445.71149
2018-05-22,0.08397,0.08435,0.08001,0.0808,2694.68
2018-05-23,0.0808,0.08134,0.07593,0.07693,4214.9947
2018-05-24,0.07693,0.07899,0.07489,0.07887999999999999,2256.83568
2018-05-25,0.07887999999999999,0.08025,0.07612000000000001,0.07746,1921.8600600000002
2018-05-26,0.07746,0.079,0.07726,0.0786,855.3252
2018-05-27,0.0786,0.07905,0.07507,0.07666,1374.8971
2018-05-28,0.07666,0.07685,0.07012,0.07135,4230.41285
2018-05-29,0.07135,0.0757,0.07134,0.0751,2858.3811
2018-05-30,0.0751,0.07665,0.07384,0.07497999999999999,1700.0215400000006
2018-05-31,0.07497999999999999,0.077,0.0747,0.07685,1777.0794
2018-06-01,0.07685,0.07723,0.076,0.07666,1808.3327399999998
2018-06-02,0.07666,0.07859,0.07624,0.07758999999999999,2004.53765
2018-06-03,0.07758999999999999,0.0818,0.07741,0.08032,3000.83552
2018-06-04,0.08032,0.0812,0.07739,0.07915,2901.7973
2018-06-05,0.07915,0.08109,0.07808,0.08035,1981.18995
2018-06-06,0.08035,0.08038,0.07936,0.07973999999999999,1128.5602199999996
2018-06-07,0.07973999999999999,0.08029,0.07884,0.07927999999999999,837.4346400000003
2018-06-08,0.07927999999999999,0.07967,0.0781,0.07879,876.7751199999999
2018-06-09,0.07879,0.0795,0.07877999999999999,0.07925,526.6955
2018-06-10,0.07925,0.07931,0.07514,0.07753,2090.44139
2018-06-11,0.07753,0.07844,0.07614,0.07749,1025.11521
2018-06-12,0.07749,0.0782,0.07484,0.07583,1271.8965899999996
2018-06-13,0.07583,0.07637000000000001,0.07239,0.07577,2171.8712800000008
2018-06-14,0.07577,0.07955,0.073,0.07822,4045.38196
2018-06-15,0.07822,0.07847,0.07515,0.07612999999999999,2061.1436200000007
2018-06-16,0.07612999999999999,0.07736,0.07585,0.07655,915.0787
2018-06-17,0.07655,0.07792,0.07655,0.07728,540.5736
2018-06-18,0.07728,0.07798,0.07655,0.07737999999999999,744.47298
2018-06-19,0.07776,0.081,0.07776,0.07998999999999999,21.037370000000006
2018-06-20,0.07998999999999999,0.0805,0.0791,0.08012000000000001,47.43104
2018-06-21,0.08012000000000001,0.08152999999999999,0.07803,0.07879,118.65773999999999
2018-06-22,0.07879,0.07877999999999999,0.07411000000000001,0.07624,236.03904
2018-06-23,0.07624,0.07744,0.07543,0.07724,83.4192
2018-06-24,0.07724,0.07724,0.07272999999999999,0.07452,204.33384
2018-06-25,0.07452,0.0774,0.07313,0.07397999999999999,189.68472
2018-06-26,0.07397999999999999,0.07426,0.071,0.071,329.653
2018-06-27,0.071,0.07226,0.07001,0.0721,390.061
2018-06-28,0.0721,0.07262,0.071,0.072,314.64
2018-06-29,0.072,0.0722,0.06944,0.07066,1516.22228
2018-06-30,0.07066,0.07249,0.07046,0.07139,1325.4267399999999
2018-07-01,0.07139,0.07175,0.07087,0.07157,591.2397699999999
2018-07-02,0.07157,0.0737,0.0709,0.0727,3017.9951
2018-07-03,0.0727,0.07361,0.07132,0.07158,1933.08948
2018-07-04,0.07158,0.07268,0.071,0.07146,1479.5792999999999
2018-07-05,0.07146,0.07233,0.07138,0.072,750.5279999999999
2018-07-06,0.072,0.0721,0.07044,0.07151,999.7813100000001
2018-07-07,0.07151,0.07249,0.07127,0.07246,522.4366
2018-07-08,0.07246,0.0735,0.07245,0.07293,916.2195899999999
2018-07-09,0.07293,0.07298,0.07177,0.07177,853.12999
2018-07-10,0.07177,0.07186,0.06771,0.0693,2178.4455
2018-07-11,0.0693,0.0704,0.06807,0.0701,1126.7874
2018-07-12,0.0701,0.07039,0.06924,0.0694,900.5344
2018-07-13,0.0694,0.07089,0.06949,0.07008,798.14112
2018-07-14,0.07008,0.07055,0.07004,0.07011,345.15153000000004
2018-07-15,0.07011,0.07186,0.06986,0.07132,734.1680799999999
2018-07-16,0.07132,0.07255,0.07095,0.07214,931.76024
2018-07-17,0.07214,0.0722,0.07191,0.07208,56.654880000000006
