timestamp,Open,High,Low,Close,Volume
2015-09-25,239.99,239.99,234.81,235.18,186940.0
2015-09-26,235.18,235.36,232.91,234.51,211951.0
2015-09-27,234.51,234.76,233.03,233.35,125417.0
2015-09-28,233.35,243.19,232.9,238.25,235311.0
2015-09-29,238.25,241.5,235.81,237.2,307210.0
2015-09-30,237.2,238.2,235.56,236.87,259723.0
2015-10-01,236.87,239.53,234.63,238.57,125091.0
2015-10-02,238.57,238.99,237.09,237.67,112550.0
2015-10-03,237.67,241.0,237.53,239.51,97451.0
2015-10-04,239.51,239.93,238.3,238.3,102120.0
2015-10-05,238.3,240.56,237.77,240.5,232307.0
2015-10-06,240.5,249.0,240.5,247.69,463627.0
2015-10-07,247.69,247.8,243.51,244.07,340056.0
2015-10-08,244.07,245.73,243.0,243.66,305802.0
2015-10-09,243.66,244.91,242.99,244.4,435307.0
2015-10-10,244.4,246.08,243.77,246.0,262605.0
2015-10-11,246.0,248.56,245.18,248.56,554824.0
2015-10-12,248.56,248.56,245.7,246.72,604824.0
2015-10-13,246.72,251.49,244.47,249.93,1219387.0
2015-10-14,249.93,255.55,249.93,253.29,1098221.0
2015-10-15,253.29,257.18,253.04,254.7,3337959.0
2015-10-16,254.7,267.55,254.2,261.52,4605680.0
2015-10-17,261.52,278.51,261.52,273.16,10004844.0
2015-10-18,273.16,275.05,262.0,265.43,3203664.0
2015-10-19,265.43,270.69,261.55,265.95,2207351.0
2015-10-20,265.95,274.49,264.68,271.03,2477535.0
2015-10-21,271.03,273.45,263.88,268.4,2529743.0
2015-10-22,268.4,280.0,267.57,275.59,2086281.0
2015-10-23,275.59,282.38,275.47,278.5,1663026.0
2015-10-24,278.5,286.0,278.35,283.42,2475509.0
2015-10-25,283.42,299.51,283.3,291.15,4562130.0
2015-10-26,291.15,292.29,281.01,288.27,4415175.0
2015-10-27,288.27,305.32,286.89,296.6,4452537.0
2015-10-28,296.6,310.36,296.24,305.7,3919393.0
2015-10-29,305.7,322.0,303.14,319.4,5416961.0
2015-10-30,319.4,336.81,300.0,330.66,7221318.0
2015-10-31,330.66,338.7,307.53,316.31,5576472.0
2015-11-01,316.31,334.51,314.0,331.89,2337786.0
2015-11-02,331.89,374.78,326.95,371.91,3586827.0
2015-11-03,371.91,440.0,365.18,418.84,6028829.0
2015-11-04,418.84,558.0,382.0,410.35,5570621.0
2015-11-05,410.35,472.73,375.0,406.0,3607235.0
2015-11-06,406.0,408.32,359.0,380.19,3352213.0
2015-11-07,380.19,394.99,369.54,386.26,1946507.0
2015-11-08,386.26,394.82,365.0,373.12,1723890.0
2015-11-09,373.12,395.21,361.32,385.38,1896522.0
2015-11-10,385.38,387.93,326.88,335.0,2678184.0
2015-11-11,335.0,344.0,301.09,309.04,3842334.0
2015-11-12,309.04,349.84,306.69,335.3,3410187.0
2015-11-13,335.3,344.75,325.21,342.38,1962741.0
2015-11-14,342.38,345.03,329.31,336.63,1452124.0
2015-11-15,336.63,338.0,314.5,321.28,1559076.0
2015-11-16,321.28,334.77,314.1,331.33,1484667.0
2015-11-17,331.33,342.69,329.97,338.53,1281300.0
2015-11-18,338.53,339.69,328.77,336.6,1172905.0
2015-11-19,336.6,338.1,326.66,327.59,1058709.0
2015-11-20,327.59,327.59,309.99,321.84,1795023.0
2015-11-21,321.84,330.62,319.67,325.18,935836.0
2015-11-22,325.18,328.6,319.81,323.8,768847.0
2015-11-23,323.8,331.94,320.96,322.98,761250.0
2015-11-24,322.98,323.81,315.79,320.57,797471.0
2015-11-25,320.57,334.49,315.84,327.99,1154625.0
2015-11-26,327.99,372.42,327.99,354.0,2697378.0
2015-11-27,354.0,367.4,350.0,363.23,2364417.0
2015-11-28,363.23,365.04,350.0,356.29,1631117.0
2015-11-29,356.29,382.74,355.1,381.81,1211636.0
2015-11-30,381.81,388.5,373.32,382.72,2462587.0
2015-12-01,382.72,384.75,347.03,364.99,2016691.0
2015-12-02,364.99,367.18,346.67,361.62,1762457.0
2015-12-03,361.62,372.7,355.0,360.69,1837178.0
2015-12-04,360.69,365.38,353.21,363.15,1092389.0
2015-12-05,363.15,394.33,362.86,394.33,1563080.0
2015-12-06,394.33,407.51,387.39,396.93,1918113.0
2015-12-07,396.93,405.62,384.0,397.25,1715764.0
2015-12-08,397.25,402.9,390.0,399.19,970200.0
2015-12-09,399.19,428.7,399.19,420.21,3237481.0
2015-12-10,420.21,424.99,411.16,417.51,1700380.0
2015-12-11,417.51,463.78,416.22,453.48,4898887.0
2015-12-12,453.48,482.76,418.27,437.01,4913349.0
2015-12-13,437.01,449.8,419.99,440.42,2519955.0
2015-12-14,440.42,453.5,432.48,447.45,1988975.0
2015-12-15,447.45,471.0,446.03,468.74,3110098.0
2015-12-16,468.74,470.46,404.0,457.18,4070873.0
2015-12-17,457.18,459.76,446.17,457.35,1055852.0
2015-12-18,457.35,468.33,443.05,464.88,1476361.0
2015-12-19,464.88,467.5,451.37,460.12,1384724.0
2015-12-20,460.12,462.81,429.24,444.0,2418600.0
2015-12-21,444.0,446.0,423.7,436.8,1972294.0
2015-12-22,436.8,443.39,433.47,436.39,778991.0
2015-12-23,436.39,446.0,434.62,443.82,504809.0
2015-12-24,443.82,459.31,439.49,456.12,946522.0
2015-12-25,456.12,461.56,448.48,455.65,542048.0
2015-12-26,455.65,458.45,402.86,415.32,2873995.0
2015-12-27,415.32,433.95,407.83,427.91,1212998.0
2015-12-28,427.91,432.67,417.87,423.25,1612989.0
2015-12-29,423.25,434.97,418.26,430.78,1002350.0
2015-12-30,430.78,434.47,419.97,424.7,787591.0
2015-12-31,424.7,434.23,415.99,431.3,976951.0
2016-01-01,431.3,436.7,426.37,435.12,355897.0
2016-01-02,435.12,438.0,429.25,435.5,639145.0
2016-01-03,435.5,435.71,422.14,428.75,1091960.0
2016-01-04,428.75,436.44,427.5,434.4,674099.0
2016-01-05,434.4,434.97,429.0,432.7,394106.0
2016-01-06,432.7,432.78,425.01,430.5,386012.0
2016-01-07,430.5,463.43,426.12,458.0,3098526.0
2016-01-08,458.0,469.49,445.42,453.03,2786862.0
2016-01-09,453.03,454.81,444.86,449.73,1380660.0
2016-01-10,449.73,450.63,439.01,450.22,1259527.0
2016-01-11,450.22,454.89,445.37,450.17,1674684.0
2016-01-12,450.17,453.35,442.0,444.19,1298301.0
2016-01-13,444.19,444.75,420.48,430.97,2106950.0
2016-01-14,430.97,432.92,425.76,428.94,390077.0
2016-01-15,428.94,429.0,364.99,366.33,2092630.0
2016-01-16,366.33,386.89,350.83,381.99,2678679.0
2016-01-17,381.99,392.62,377.33,386.19,1769817.0
2016-01-18,386.19,389.1,373.16,385.0,1269374.0
2016-01-19,385.0,387.9,375.99,379.4,1042508.0
2016-01-20,379.4,418.74,372.99,418.53,2166476.0
2016-01-21,418.53,428.0,404.2,413.94,2079867.0
2016-01-22,413.94,413.94,368.01,376.92,3540586.0
2016-01-23,376.92,396.5,375.6,390.74,2533664.0
2016-01-24,390.74,408.79,385.23,405.0,1607061.0
2016-01-25,405.0,406.98,388.17,393.5,1738436.0
2016-01-26,393.5,397.01,386.98,394.63,994488.0
2016-01-27,394.63,397.92,389.0,395.5,458250.0
2016-01-28,395.5,395.67,375.42,378.59,989772.0
2016-01-29,378.59,385.58,361.0,380.59,2144559.0
2016-01-30,380.59,383.43,373.0,377.7,837303.0
2016-01-31,377.7,379.0,370.5,372.3,451590.0
2016-02-01,372.3,378.56,360.01,370.84,1839456.0
2016-02-02,370.84,376.13,369.99,373.75,479946.0
2016-02-03,373.75,373.9,365.71,369.45,1073866.0
2016-02-04,369.45,395.0,368.5,389.95,1369382.0
2016-02-05,389.95,398.98,384.59,386.41,907485.0
2016-02-06,386.41,386.59,371.0,373.43,1272590.0
2016-02-07,373.43,380.29,373.01,375.78,423721.0
2016-02-08,375.78,381.44,370.89,371.5,991317.0
2016-02-09,371.5,377.8,371.15,374.74,161603.0
2016-02-10,374.74,385.93,374.74,380.86,333653.0
2016-02-11,380.86,383.0,374.0,376.85,399967.0
2016-02-12,376.85,384.56,376.85,382.5,649470.0
2016-02-13,382.5,395.0,382.11,391.03,776789.0
2016-02-14,391.03,408.0,390.56,406.05,1066718.0
2016-02-15,406.05,413.99,392.0,398.87,1704426.0
2016-02-16,398.87,410.0,397.17,405.58,1767640.0
2016-02-17,405.58,422.2,403.57,418.73,1510649.0
2016-02-18,418.73,426.11,414.41,422.29,1039571.0
2016-02-19,422.29,422.67,412.0,418.96,902159.0
2016-02-20,418.96,447.0,418.96,442.32,2755672.0
2016-02-21,442.32,451.61,427.5,441.53,2326286.0
2016-02-22,441.53,442.23,430.35,439.64,894380.0
2016-02-23,439.64,442.23,413.57,420.4,1409609.0
2016-02-24,420.4,426.83,410.65,424.09,793854.0
2016-02-25,424.09,431.11,418.8,424.5,986770.0
2016-02-26,424.5,427.45,418.45,426.99,586415.0
2016-02-27,426.99,436.1,426.31,431.51,858644.0
2016-02-28,431.51,436.0,423.18,433.7,736253.0
2016-02-29,433.7,442.79,431.52,436.93,840058.0
2016-03-01,436.93,440.38,424.5,432.59,746988.0
2016-03-02,432.59,435.53,424.0,425.75,504288.0
2016-03-03,425.75,425.75,417.8,421.5,740086.0
2016-03-04,421.5,423.33,408.66,408.77,672521.0
2016-03-05,408.77,410.15,390.08,401.72,998337.0
2016-03-06,401.72,410.38,392.76,408.93,569018.0
2016-03-07,408.93,413.97,402.28,413.91,586020.0
2016-03-08,413.91,415.24,409.02,412.49,288161.0
2016-03-09,412.49,414.15,408.1,413.44,217175.0
2016-03-10,413.44,418.08,411.06,418.03,315352.0
2016-03-11,418.03,423.48,416.61,421.32,635888.0
2016-03-12,421.32,421.96,407.23,411.47,875587.0
2016-03-13,411.47,416.17,411.17,412.54,164571.0
2016-03-14,412.54,416.01,412.54,414.38,126358.0
2016-03-15,414.38,418.05,413.25,415.49,196572.0
2016-03-16,415.49,417.73,413.47,416.86,118980.0
2016-03-17,416.86,419.46,416.86,418.97,123799.0
2016-03-18,418.97,419.2,402.49,407.85,398928.0
2016-03-19,407.85,408.91,403.68,406.74,288046.0
2016-03-20,406.74,412.55,406.08,412.07,295126.0
2016-03-21,412.07,412.24,407.53,411.15,234054.0
2016-03-22,411.15,417.77,410.56,416.19,237671.0
2016-03-23,416.19,419.0,414.55,418.13,432985.0
2016-03-24,418.13,418.36,412.41,416.47,356998.0
2016-03-25,416.47,416.84,410.88,415.91,313686.0
2016-03-26,415.91,418.4,413.45,416.14,219909.0
2016-03-27,416.14,433.97,415.82,424.84,970933.0
2016-03-28,424.84,427.76,421.73,423.5,564353.0
2016-03-29,423.5,425.09,406.9,415.6,583172.0
2016-03-30,415.6,415.6,408.62,413.23,267363.0
2016-03-31,413.23,416.75,411.7,416.03,281245.0
2016-04-01,416.03,416.44,413.39,416.02,146305.0
2016-04-02,416.02,422.07,416.02,419.99,281119.0
2016-04-03,419.99,420.69,416.6,419.89,218463.0
2016-04-04,419.89,420.52,417.64,420.52,152293.0
2016-04-05,420.52,423.56,419.28,422.33,171165.0
2016-04-06,422.33,423.98,420.96,422.43,184676.0
2016-04-07,422.43,422.9,417.92,421.37,149248.0
2016-04-08,421.37,423.51,415.0,418.75,315935.0
2016-04-09,418.75,418.75,412.14,418.21,328588.0
2016-04-10,418.21,422.19,416.59,421.16,162256.0
2016-04-11,421.16,423.43,418.86,423.43,166839.0
2016-04-12,423.43,428.24,422.87,425.63,303955.0
2016-04-13,425.63,427.5,421.65,423.81,175625.0
2016-04-14,423.81,425.62,423.38,425.18,111762.0
2016-04-15,425.18,436.97,424.91,430.13,407571.0
2016-04-16,430.13,434.97,429.26,431.26,338078.0
2016-04-17,431.26,432.21,425.33,427.72,271824.0
2016-04-18,427.72,429.9,427.27,429.42,136309.0
2016-04-19,429.42,436.64,428.56,435.94,199010.0
2016-04-20,435.94,446.49,434.82,443.92,728617.0
2016-04-21,443.92,453.63,441.61,451.42,1045897.0
2016-04-22,451.42,452.06,444.23,448.34,782358.0
2016-04-23,448.34,454.75,445.82,454.75,933341.0
2016-04-24,454.75,467.12,447.81,465.04,2079433.0
2016-04-25,465.04,472.32,455.56,466.98,1210754.0
2016-04-26,466.98,473.39,461.75,468.48,1027242.0
2016-04-27,468.48,469.99,446.0,448.94,1291377.0
2016-04-28,448.94,449.97,433.0,449.42,1133886.0
2016-04-29,449.42,457.17,445.79,454.66,623897.0
2016-04-30,454.66,456.39,446.19,447.76,292570.0
2016-05-01,447.76,452.8,445.52,452.03,304989.0
2016-05-02,452.03,452.52,437.06,443.05,891369.0
2016-05-03,443.05,451.46,439.66,450.88,435348.0
2016-05-04,450.88,451.18,444.07,447.7,318494.0
2016-05-05,447.7,450.12,445.43,448.84,407294.0
2016-05-06,448.84,463.9,447.1,461.7,433301.0
2016-05-07,461.7,462.47,457.38,459.4,321189.0
2016-05-08,459.4,460.62,455.61,458.65,291088.0
2016-05-09,458.65,465.51,456.5,461.91,292739.0
2016-05-10,461.91,463.49,445.6,449.66,391058.0
2016-05-11,449.66,454.33,448.44,451.6,234726.0
2016-05-12,451.6,455.15,446.4,453.98,332278.0
2016-05-13,453.98,457.72,452.56,456.92,343996.0
2016-05-14,456.92,458.43,454.69,455.97,683021.0
2016-05-15,455.97,459.6,454.84,458.84,544682.0
2016-05-16,458.84,458.84,450.33,453.95,955278.0
2016-05-17,453.95,454.38,451.65,452.84,601379.0
2016-05-18,452.84,456.25,452.07,454.61,374536.0
2016-05-19,454.61,454.61,439.75,441.4,1681809.0
2016-05-20,441.4,442.67,432.38,439.87,1584037.0
2016-05-21,439.87,441.7,437.26,441.5,504456.0
2016-05-22,441.5,441.5,434.81,437.3,1212267.0
2016-05-23,437.3,441.61,435.81,441.17,942715.0
2016-05-24,441.17,445.44,441.17,443.43,903808.0
2016-05-25,443.43,449.58,443.01,447.5,1112986.0
2016-05-26,447.5,453.82,445.0,453.27,1229782.0
2016-05-27,453.27,485.95,453.0,475.56,3877812.0
2016-05-28,475.56,544.07,473.44,534.43,6623358.0
2016-05-29,534.43,571.0,512.49,531.0,5931393.0
2016-05-30,531.0,562.0,528.35,545.95,3055703.0
2016-05-31,545.95,552.48,520.0,538.5,4306384.0
2016-06-01,538.5,550.5,527.03,544.7,2730794.0
2016-06-02,544.7,547.0,533.52,545.14,1346651.0
2016-06-03,545.14,581.53,539.23,572.0,4333910.0
2016-06-04,572.0,596.2,565.17,573.66,3917121.0
2016-06-05,573.66,590.89,569.41,580.25,2145793.0
2016-06-06,580.25,596.59,577.43,590.77,2603393.0
2016-06-07,590.77,600.99,571.01,579.51,3629570.0
2016-06-08,579.51,589.6,572.79,588.0,3142198.0
2016-06-09,588.0,588.0,571.5,580.33,3154395.0
2016-06-10,580.33,585.59,575.0,580.0,2706830.0
2016-06-11,580.0,600.23,579.98,599.0,1740386.0
2016-06-12,599.0,702.5,598.61,699.86,11717271.0
2016-06-13,699.86,749.0,670.0,703.0,10549617.0
2016-06-14,703.0,709.71,659.0,686.93,6901585.0
2016-06-15,686.93,700.0,670.51,695.6,4086774.0
2016-06-16,695.6,788.0,686.85,782.71,9866184.0
2016-06-17,782.71,784.33,708.96,744.83,9547567.0
2016-06-18,744.83,791.68,721.51,752.06,8796779.0
2016-06-19,752.06,778.0,741.19,766.14,5495628.0
2016-06-20,766.14,767.58,723.06,739.34,6978341.0
2016-06-21,739.34,750.0,628.29,656.88,14802533.0
2016-06-22,656.88,682.06,591.15,600.3,8393862.0
2016-06-23,600.3,625.0,552.5,620.87,14517016.0
2016-06-24,620.87,681.06,616.0,661.5,9219283.0
2016-06-25,661.5,695.4,629.44,668.36,7671543.0
2016-06-26,668.36,669.83,598.59,630.15,6662791.0
2016-06-27,630.15,666.98,614.94,646.92,6815074.0
2016-06-28,646.92,663.79,631.85,648.78,4487868.0
2016-06-29,648.78,649.3,617.68,639.52,4162050.0
2016-06-30,639.52,679.95,635.01,674.0,5742654.0
2016-07-01,674.0,688.36,667.0,681.49,5205351.0
2016-07-02,681.49,706.7,675.59,703.21,5086033.0
2016-07-03,703.21,707.1,641.13,660.0,8726565.0
2016-07-04,660.0,680.76,641.0,676.01,3758737.0
2016-07-05,676.01,682.33,660.89,665.52,3585959.0
2016-07-06,665.52,683.38,663.47,677.28,2449874.0
2016-07-07,677.28,683.0,606.42,630.98,9002441.0
2016-07-08,630.98,661.13,630.98,658.23,4501938.0
2016-07-09,658.23,665.34,622.0,649.6,6522957.0
2016-07-10,649.6,652.67,634.91,650.57,3088733.0
2016-07-11,650.57,660.19,640.0,647.12,3662687.0
2016-07-12,647.12,676.62,645.19,676.59,3807243.0
2016-07-13,676.59,677.52,650.95,661.32,2119963.0
2016-07-14,661.32,665.37,648.0,658.89,2713043.0
2016-07-15,658.89,670.67,656.15,664.75,1898561.0
2016-07-16,664.75,670.0,652.61,661.0,1571378.0
2016-07-17,661.0,689.21,660.1,680.18,3437389.0
2016-07-18,680.18,685.24,663.21,675.41,3423593.0
2016-07-19,675.41,675.47,667.0,673.8,1272996.0
2016-07-20,673.8,676.85,655.32,664.69,2040867.0
2016-07-21,664.69,667.73,655.0,664.44,1430047.0
2016-07-22,664.44,668.38,640.53,647.29,3297276.0
2016-07-23,647.29,658.05,646.45,655.09,1361428.0
2016-07-24,655.09,663.95,650.05,661.26,644806.0
2016-07-25,661.26,663.64,647.81,654.44,731075.0
2016-07-26,654.44,657.0,637.71,654.83,1743482.0
2016-07-27,654.83,662.36,644.05,656.99,2055165.0
2016-07-28,656.99,659.5,646.87,654.7,953317.0
2016-07-29,654.7,658.57,653.3,657.67,750867.0
2016-07-30,657.67,658.96,650.84,654.36,547945.0
2016-07-31,654.36,654.84,625.0,629.65,3773329.0
2016-08-01,629.65,630.0,605.89,612.24,2729243.0
2016-08-02,612.24,613.17,481.0,481.0,8816119.0
2016-08-03,481.0,578.38,469.03,563.96,10020702.0
2016-08-04,563.96,580.0,555.15,570.78,4217899.0
2016-08-05,570.78,574.94,562.0,572.37,2107382.0
2016-08-06,572.37,588.99,560.09,586.36,4282421.0
2016-08-07,586.36,598.02,576.94,592.75,3058427.0
2016-08-08,592.75,593.39,583.91,586.65,2160710.0
2016-08-09,586.65,594.57,578.93,585.0,2537456.0
2016-08-10,585.0,602.07,579.87,592.37,2468416.0
2016-08-11,592.37,597.83,584.65,586.27,1725578.0
2016-08-12,586.27,588.88,578.51,586.0,2156694.0
2016-08-13,586.0,588.95,581.08,584.29,808879.0
2016-08-14,584.29,584.29,556.26,567.34,2942360.0
2016-08-15,567.34,573.0,557.55,566.01,2284594.0
2016-08-16,566.01,581.0,564.89,577.94,1963051.0
2016-08-17,577.94,577.94,566.96,572.19,679669.0
2016-08-18,572.19,576.91,569.89,572.46,1518620.0
2016-08-19,572.46,574.52,563.54,572.45,1090710.0
2016-08-20,572.45,581.58,572.0,579.36,1095516.0
2016-08-21,579.36,584.11,577.81,578.92,694526.0
2016-08-22,578.92,588.6,578.03,585.65,1105581.0
2016-08-23,585.65,587.3,575.82,581.45,934347.0
2016-08-24,581.45,581.66,574.38,576.37,1062745.0
2016-08-25,576.37,579.2,569.59,576.24,1051602.0
2016-08-26,576.24,578.32,575.14,577.06,561644.0
2016-08-27,577.06,577.48,562.32,567.18,890710.0
2016-08-28,567.18,571.63,566.07,571.07,596359.0
2016-08-29,571.07,576.57,570.4,572.34,425617.0
2016-08-30,572.34,578.73,571.49,577.41,1082473.0
2016-08-31,577.41,577.88,571.48,572.2,525862.0
2016-09-01,572.2,574.65,568.23,569.4,420628.0
2016-09-02,569.4,574.99,563.54,573.12,998863.0
2016-09-03,573.12,605.41,571.96,595.91,2721534.0
2016-09-04,595.91,614.12,592.95,609.94,3222942.0
2016-09-05,609.94,611.33,599.08,607.99,1495691.0
2016-09-06,607.99,611.89,603.29,609.07,1183844.0
2016-09-07,609.07,614.39,606.18,611.25,1887949.0
2016-09-08,611.25,631.54,610.76,626.72,2954551.0
2016-09-09,626.72,627.25,615.54,622.0,1813279.0
2016-09-10,622.0,625.21,621.26,622.57,835619.0
2016-09-11,622.57,632.01,586.41,602.42,4077273.0
2016-09-12,602.42,606.92,599.0,605.16,2102016.0
2016-09-13,605.16,608.93,602.78,605.69,1049392.0
2016-09-14,605.69,608.0,604.18,607.98,502461.0
2016-09-15,607.98,607.98,601.69,605.05,426080.0
2016-09-16,605.05,610.0,597.04,605.48,1860066.0
2016-09-17,605.48,605.56,601.46,604.21,395319.0
2016-09-18,604.21,608.8,603.58,608.27,340130.0
2016-09-19,608.27,609.63,604.08,606.58,577278.0
2016-09-20,606.58,608.83,604.25,606.88,758916.0
2016-09-21,606.88,606.88,580.53,595.14,2187548.0
2016-09-22,595.14,596.5,593.06,593.92,628657.0
2016-09-23,593.92,606.4,591.6,600.85,1361911.0
2016-09-24,600.85,603.01,598.6,601.06,408828.0
2016-09-25,601.06,601.11,595.23,598.43,346792.0
2016-09-26,598.43,607.5,595.67,606.19,985168.0
2016-09-27,606.19,609.88,600.9,603.59,996434.0
2016-09-28,603.59,604.0,601.25,603.1,336232.0
2016-09-29,603.1,607.34,602.26,605.05,502961.0
2016-09-30,605.05,610.46,603.09,608.75,1130005.0
2016-10-01,608.75,619.99,608.17,612.36,1808751.0
2016-10-02,612.36,612.63,605.07,609.89,1039493.0
2016-10-03,609.89,612.2,608.56,611.72,415954.0
2016-10-04,611.72,611.98,605.65,608.03,565221.0
2016-10-05,608.03,613.1,607.45,610.34,918771.0
2016-10-06,610.34,611.15,607.9,610.07,722740.0
2016-10-07,610.07,616.0,608.75,614.87,1279965.0
2016-10-08,614.87,618.71,613.88,614.95,1130662.0
2016-10-09,614.95,615.51,610.28,611.96,1097821.0
2016-10-10,611.96,617.0,610.0,614.96,2084907.0
2016-10-11,614.96,643.23,614.92,639.09,5726942.0
2016-10-12,639.09,639.35,630.43,631.6,3736612.0
2016-10-13,631.6,637.01,631.17,635.46,3649549.0
2016-10-14,635.46,642.0,632.44,637.82,3739279.0
2016-10-15,637.82,641.02,632.83,634.32,2122203.0
2016-10-16,634.32,640.26,633.17,639.3,1911570.0
2016-10-17,639.3,639.9,633.58,635.31,1447526.0
2016-10-18,635.31,637.47,631.41,634.13,1050697.0
2016-10-19,634.13,636.11,622.22,626.31,2237947.0
2016-10-20,626.31,628.57,622.4,627.56,1203257.0
2016-10-21,627.56,630.62,626.07,629.2,1630862.0
2016-10-22,629.2,665.95,629.0,655.64,4677569.0
2016-10-23,655.64,682.56,645.51,652.11,3928030.0
2016-10-24,652.11,653.0,645.25,648.99,2528236.0
2016-10-25,648.99,665.98,647.07,663.8,2836634.0
2016-10-26,663.8,677.84,634.38,672.04,5477705.0
2016-10-27,672.04,686.81,672.04,683.08,4534717.0
2016-10-28,683.08,689.2,675.66,686.3,3367492.0
2016-10-29,686.3,721.05,685.5,715.5,7163751.0
2016-10-30,715.5,715.59,685.66,694.99,8310247.0
2016-10-31,694.99,707.33,678.19,697.92,5220416.0
2016-11-01,697.92,747.0,697.0,731.18,9371406.0
2016-11-02,731.18,737.82,719.9,737.82,3652824.0
2016-11-03,737.82,755.0,659.0,675.99,18889764.0
2016-11-04,675.99,707.47,670.78,700.01,6546166.0
2016-11-05,700.01,707.47,693.77,700.68,3131109.0
2016-11-06,700.68,719.15,687.0,711.7,5840497.0
2016-11-07,711.7,712.0,696.75,704.7,2664999.0
2016-11-08,704.7,713.0,699.61,709.03,3186916.0
2016-11-09,709.03,739.0,708.0,722.41,12168300.0
2016-11-10,722.41,723.99,710.25,714.29,4134614.0
2016-11-11,714.29,718.5,710.51,714.97,3596385.0
2016-11-12,714.97,721.94,699.73,704.12,3101653.0
2016-11-13,704.12,704.53,679.84,700.23,5066505.0
2016-11-14,700.23,707.04,699.06,705.03,2160860.0
2016-11-15,705.03,717.89,704.29,712.11,2548661.0
2016-11-16,712.11,763.0,708.79,745.6,10458155.0
2016-11-17,745.6,757.82,736.0,738.0,7818808.0
2016-11-18,738.0,753.0,733.0,752.5,4422609.0
2016-11-19,752.5,764.12,730.02,750.05,8019046.0
2016-11-20,750.05,755.7,706.0,725.94,10024305.0
2016-11-21,725.94,738.94,724.63,736.04,3848138.0
2016-11-22,736.04,754.84,732.16,750.0,4686766.0
2016-11-23,750.0,753.94,730.0,741.33,5630348.0
2016-11-24,741.33,744.0,722.0,734.67,6083182.0
2016-11-25,734.67,735.71,723.0,735.29,5110937.0
2016-11-26,735.29,738.64,721.63,729.27,3625614.0
2016-11-27,729.27,735.0,724.0,728.26,3250297.0
2016-11-28,728.26,732.82,725.4,731.01,2837856.0
2016-11-29,731.01,732.6,727.14,731.29,1578771.0
2016-11-30,731.29,745.7,730.0,742.97,3105628.0
2016-12-01,742.97,756.51,741.88,752.77,4245796.0
2016-12-02,752.77,780.21,751.79,773.5,9297547.0
2016-12-03,773.5,774.17,757.14,763.33,3612439.0
2016-12-04,763.33,768.22,760.45,765.88,2370214.0
2016-12-05,765.88,772.06,740.0,753.89,8291321.0
2016-12-06,753.89,758.91,749.32,758.57,3708621.0
2016-12-07,758.57,768.96,751.0,766.07,3676729.0
2016-12-08,766.07,772.45,760.38,768.34,3168884.0
2016-12-09,768.34,773.36,764.46,770.12,2734474.0
2016-12-10,770.12,777.73,769.43,773.68,2429554.0
2016-12-11,773.68,773.68,761.4,766.56,3712210.0
2016-12-12,766.56,783.0,766.31,780.06,4008776.0
2016-12-13,780.06,792.1,761.25,776.62,6395406.0
2016-12-14,776.62,779.8,766.99,775.91,3324531.0
2016-12-15,775.91,779.0,774.98,777.2,2012182.0
2016-12-16,777.2,784.0,772.8,781.0,4733002.0
2016-12-17,781.0,792.73,779.3,788.68,4000671.0
2016-12-18,788.68,791.96,782.66,787.86,3983645.0
2016-12-19,787.86,792.46,787.53,790.01,2001899.0
2016-12-20,790.01,798.72,788.11,796.12,4290261.0
2016-12-21,796.12,833.5,796.11,826.73,13487948.0
2016-12-22,826.73,877.36,826.73,861.96,17103278.0
2016-12-23,861.96,943.76,859.58,932.74,35508987.0
2016-12-24,932.74,933.99,880.0,896.38,19774568.0
2016-12-25,896.38,897.9,861.2,893.11,15879622.0
2016-12-26,893.11,916.0,889.38,903.61,11999346.0
2016-12-27,903.61,946.76,898.84,926.24,19233824.0
2016-12-28,926.24,978.0,926.24,969.52,29908362.0
2016-12-29,969.52,980.0,941.72,967.99,20073242.0
2016-12-30,967.99,975.23,924.93,955.34,17835660.0
2016-12-31,955.34,968.39,940.0,964.62,13182453.0
2017-01-01,964.62,1009.87,960.9,1004.35,19120187.0
2017-01-02,1004.35,1035.0,994.84,1025.5,38009701.0
2017-01-03,1025.5,1037.26,1003.0,1029.62,19130457.0
2017-01-04,1029.62,1177.9,1028.36,1166.41,60086051.0
2017-01-05,1166.41,1180.45,876.08,1011.31,92513004.0
2017-01-06,1011.31,1029.24,841.75,893.37,57709071.0
2017-01-07,893.37,912.72,805.03,896.0,33460836.0
2017-01-08,896.0,939.33,877.58,907.29,26033796.0
2017-01-09,907.29,912.43,860.21,900.31,17360355.0
2017-01-10,900.31,916.99,893.38,907.28,10630417.0
2017-01-11,907.28,918.9,725.44,771.2,40445054.0
2017-01-12,771.2,819.87,724.0,801.95,21212998.0
2017-01-13,801.95,831.11,752.91,819.74,17647287.0
2017-01-14,819.74,836.1,796.07,802.19,12323848.0
2017-01-15,802.19,819.0,800.86,812.2,7789729.0
2017-01-16,812.2,834.99,811.56,825.0,8226112.0
2017-01-17,825.0,912.63,816.81,906.46,22519296.0
2017-01-18,906.46,915.0,830.0,866.79,20658409.0
2017-01-19,866.79,905.6,866.13,888.68,13593788.0
2017-01-20,888.68,898.0,877.1,891.31,9401919.0
2017-01-21,891.31,928.0,888.05,917.26,11000162.0
2017-01-22,917.26,935.56,878.55,916.65,17212375.0
2017-01-23,916.65,928.0,905.63,921.24,9106229.0
2017-01-24,921.24,927.54,879.09,881.68,17493521.0
2017-01-25,881.68,903.06,878.47,893.02,8856645.0
2017-01-26,893.02,918.04,892.08,915.54,6950467.0
2017-01-27,915.54,921.3,904.0,916.06,12003581.0
2017-01-28,916.06,921.0,914.71,917.8,2848398.0
2017-01-29,917.8,920.02,911.04,912.92,2623786.0
2017-01-30,912.92,920.3,910.01,917.25,3026036.0
2017-01-31,917.25,973.95,916.26,969.67,13543047.0
2017-02-01,969.67,989.0,960.92,985.93,9412043.0
2017-02-02,985.93,1014.84,968.89,1007.0,19068164.0
2017-02-03,1007.0,1027.01,985.75,1014.88,22335775.0
2017-02-04,1014.88,1046.67,1003.0,1033.51,23685671.0
2017-02-05,1033.51,1038.69,1005.43,1016.8,20747736.0
2017-02-06,1016.8,1033.0,1012.75,1024.5,7917398.0
2017-02-07,1024.5,1056.0,1024.5,1053.79,14623185.0
2017-02-08,1053.79,1072.78,994.8,1055.94,35812181.0
2017-02-09,1055.94,1081.05,927.72,973.17,58669901.0
2017-02-10,973.17,1003.0,934.5,996.38,30501895.0
2017-02-11,996.38,1010.95,978.01,1007.18,15529968.0
2017-02-12,1007.18,1007.97,992.23,998.27,7174187.0
2017-02-13,998.27,1002.97,956.13,991.27,15550829.0
2017-02-14,991.27,1021.79,975.0,1008.43,16653496.0
2017-02-15,1008.43,1012.0,994.01,1009.0,5963899.0
2017-02-16,1009.0,1044.48,1006.37,1032.78,16402596.0
2017-02-17,1032.78,1057.5,1026.3,1053.71,21631916.0
2017-02-18,1053.71,1067.86,1022.05,1053.09,18847406.0
2017-02-19,1053.09,1058.16,1037.59,1052.96,12853711.0
2017-02-20,1052.96,1061.2,1042.0,1058.47,8873165.0
2017-02-21,1058.47,1127.8,1058.47,1124.44,48324678.0
2017-02-22,1124.44,1128.9,1100.0,1114.34,32249382.0
2017-02-23,1114.34,1186.59,1110.39,1182.99,42428869.0
2017-02-24,1182.99,1220.16,1030.0,1175.97,81735126.0
2017-02-25,1175.97,1183.33,1125.0,1151.0,28371244.0
2017-02-26,1151.0,1185.01,1130.58,1176.64,21611308.0
2017-02-27,1176.64,1197.99,1165.95,1188.29,21318082.0
2017-02-28,1188.29,1212.66,1152.27,1190.51,30832709.0
2017-03-01,1190.51,1231.99,1182.4,1227.92,24583015.0
2017-03-02,1227.92,1279.0,1200.0,1262.38,42297448.0
2017-03-03,1262.38,1297.0,1255.4,1289.0,39324752.0
2017-03-04,1289.0,1293.62,1235.01,1268.34,36174568.0
2017-03-05,1268.34,1278.05,1238.01,1277.6,20092685.0
2017-03-06,1277.6,1284.9,1263.0,1278.5,20966408.0
2017-03-07,1278.5,1281.0,1166.0,1231.08,54216815.0
2017-03-08,1231.08,1239.97,1149.82,1169.27,79117738.0
2017-03-09,1169.27,1206.0,1135.0,1185.83,51325503.0
2017-03-10,1185.83,1337.58,966.0,1092.97,101451455.0
2017-03-11,1092.97,1200.47,1073.4,1178.44,38108757.0
2017-03-12,1178.44,1236.88,1175.19,1230.92,23903649.0
2017-03-13,1230.92,1249.27,1212.76,1242.9,24814966.0
2017-03-14,1242.9,1263.35,1225.45,1246.0,17849126.0
2017-03-15,1246.0,1263.21,1242.51,1262.89,13295897.0
2017-03-16,1262.89,1264.84,1134.54,1178.0,51247631.0
2017-03-17,1178.0,1189.55,1072.93,1084.35,83765061.0
2017-03-18,1084.35,1099.64,936.0,947.7,122474027.0
2017-03-19,947.7,1066.33,943.47,1040.44,46154919.0
2017-03-20,1040.44,1053.95,1012.54,1041.05,23812515.0
2017-03-21,1041.05,1120.0,1033.79,1112.69,37966383.0
2017-03-22,1112.69,1113.0,989.0,1031.12,63730936.0
2017-03-23,1031.12,1052.62,1015.43,1024.96,21983475.0
2017-03-24,1024.96,1032.94,921.2,928.99,59757423.0
2017-03-25,928.99,963.2,889.88,954.69,64916616.0
2017-03-26,954.69,1005.07,944.24,954.53,48222864.0
2017-03-27,954.53,1042.42,951.95,1033.54,33171307.0
2017-03-28,1033.54,1065.98,1017.72,1041.34,30021196.0
2017-03-29,1041.34,1061.98,1008.02,1037.11,34364026.0
2017-03-30,1037.11,1055.46,1019.8,1028.22,15183646.0
2017-03-31,1028.22,1095.8,1027.5,1080.2,30850931.0
2017-04-01,1080.2,1104.7,1065.0,1080.2,18838383.0
2017-04-02,1080.2,1111.1,1075.9,1102.5,17306612.0
2017-04-03,1102.5,1155.4,1098.3,1148.4,29725536.0
2017-04-04,1148.4,1160.9,1122.2,1134.8,22331191.0
2017-04-05,1134.8,1145.0,1107.0,1124.9,19249152.0
2017-04-06,1124.9,1201.6,1124.9,1194.7,28444839.0
2017-04-07,1194.7,1204.9,1173.2,1184.5,24853788.0
2017-04-08,1184.5,1198.5,1167.4,1180.5,15168184.0
2017-04-09,1180.5,1227.1,1176.9,1215.4,18725043.0
2017-04-10,1215.4,1224.1,1201.1,1212.9,16061705.0
2017-04-11,1212.9,1238.5,1201.6,1227.6,17823182.0
2017-04-12,1227.6,1228.3,1213.7,1215.1,12868765.0
2017-04-13,1215.1,1225.1,1128.0,1178.1,35412557.0
2017-04-14,1178.1,1201.0,1171.4,1187.1,18142464.0
2017-04-15,1187.1,1203.8,1178.8,1187.4,9808695.0
2017-04-16,1187.4,1198.6,1125.0,1195.4,10403127.0
2017-04-17,1195.4,1225.0,1186.7,1196.9,18175760.0
2017-04-18,1196.9,1221.1,1196.4,1210.0,11190976.0
2017-04-19,1210.0,1216.8,1196.7,1205.5,11378567.0
2017-04-20,1205.5,1248.3,1205.5,1235.9,19288940.0
2017-04-21,1235.9,1257.5,1235.7,1246.7,14274046.0
2017-04-22,1246.7,1255.0,1210.0,1246.8,19515013.0
2017-04-23,1246.8,1251.1,1230.6,1243.9,7579600.0
2017-04-24,1243.9,1258.5,1238.9,1256.2,6623093.0
2017-04-25,1256.2,1290.4,1254.4,1278.2,13897397.0
2017-04-26,1278.2,1316.7,1274.7,1298.6,23262219.0
2017-04-27,1298.6,1357.0,1291.7,1349.7,23099527.0
2017-04-28,1349.7,1362.2,1298.0,1334.9,30706254.0
2017-04-29,1334.9,1356.1,1329.8,1350.9,16326124.0
2017-04-30,1350.9,1374.6,1330.0,1373.2,16416186.0
2017-05-01,1373.2,1449.7,1365.1,1428.9,35342375.0
2017-05-02,1428.9,1486.0,1408.3,1456.0,42855314.0
2017-05-03,1456.0,1518.3,1446.0,1506.6,39701241.0
2017-05-04,1506.6,1658.0,1441.5,1532.7,105857107.0
2017-05-05,1532.7,1627.0,1505.1,1550.3,82940737.0
2017-05-06,1550.3,1586.5,1499.0,1569.6,37251073.0
2017-05-07,1569.6,1600.2,1541.2,1599.4,21158579.0
2017-05-08,1599.4,1672.0,1584.3,1668.0,37896520.0
2017-05-09,1668.0,1791.2,1636.0,1735.9,84261447.0
2017-05-10,1735.9,1797.0,1691.3,1768.0,41939353.0
2017-05-11,1768.0,1890.0,1752.0,1839.4,72888126.0
2017-05-12,1839.4,1845.4,1650.0,1731.3,97606953.0
2017-05-13,1731.3,1786.6,1598.4,1776.4,83429682.0
2017-05-14,1776.4,1824.0,1756.9,1796.6,44284255.0
2017-05-15,1796.6,1804.2,1685.8,1754.5,57810184.0
2017-05-16,1754.5,1768.0,1676.6,1739.9,33523992.0
2017-05-17,1739.9,1848.1,1719.2,1811.3,45081719.0
2017-05-18,1811.3,1901.7,1801.4,1898.6,34576443.0
2017-05-19,1898.6,1972.6,1885.5,1961.9,49797058.0
2017-05-20,1961.9,2056.3,1955.0,2051.0,40371225.0
2017-05-21,2051.0,2090.0,1970.2,2043.0,64441081.0
2017-05-22,2043.0,2270.0,2001.0,2002.7,111005840.0
2017-05-23,2002.7,2276.3,1990.1,2255.5,97984468.0
2017-05-24,2255.5,2494.6,2248.8,2396.2,108354714.0
2017-05-25,2396.2,2811.0,2270.0,2439.3,239506093.0
2017-05-26,2439.3,2624.2,2055.0,2259.1,236115039.0
2017-05-27,2259.1,2349.5,1900.0,2069.9,177460843.0
2017-05-28,2069.9,2326.0,2053.6,2205.9,106042091.0
2017-05-29,2205.9,2373.5,2128.3,2291.9,75213445.0
2017-05-30,2291.9,2360.0,2122.4,2167.3,66843921.0
2017-05-31,2167.3,2340.0,2145.0,2304.7,54884208.0
2017-06-01,2304.7,2465.7,2291.5,2391.7,58012324.0
2017-06-02,2391.7,2480.0,2376.0,2479.3,38831979.0
2017-06-03,2479.3,2582.5,2450.0,2564.9,55943983.0
2017-06-04,2564.9,2570.6,2464.2,2525.7,44600390.0
2017-06-05,2525.7,2717.9,2520.4,2677.8,51869731.0
2017-06-06,2677.8,2955.0,2677.8,2871.2,147893013.0
2017-06-07,2871.2,2914.1,2610.0,2710.4,97460886.0
2017-06-08,2710.4,2825.8,2589.0,2816.0,73935647.0
2017-06-09,2816.0,2866.8,2788.3,2808.3,46181076.0
2017-06-10,2808.3,2930.5,2791.1,2893.8,52287896.0
2017-06-11,2893.8,3017.0,2879.9,2987.0,49043493.0
2017-06-12,2987.0,3012.3,2470.0,2626.9,184917356.0
2017-06-13,2626.9,2790.3,2626.8,2700.3,66955081.0
2017-06-14,2700.3,2798.9,2320.0,2394.5,132632856.0
2017-06-15,2394.5,2501.3,2095.5,2406.6,183204258.0
2017-06-16,2406.6,2518.6,2290.0,2450.1,86032232.0
2017-06-17,2450.1,2678.1,2406.8,2673.4,66278167.0
2017-06-18,2673.4,2677.9,2457.0,2502.5,76517471.0
2017-06-19,2502.5,2600.8,2485.2,2582.6,43858481.0
2017-06-20,2582.6,2802.5,2580.0,2762.7,61951490.0
2017-06-21,2762.7,2788.9,2595.0,2629.9,81945578.0
2017-06-22,2629.9,2730.0,2589.0,2698.7,42285515.0
2017-06-23,2698.7,2744.1,2675.0,2705.6,26999292.0
2017-06-24,2705.6,2717.9,2502.0,2554.2,68566265.0
2017-06-25,2554.2,2635.2,2424.8,2488.1,68249085.0
2017-06-26,2488.1,2549.0,2300.7,2421.1,108047194.0
2017-06-27,2421.1,2518.7,2257.7,2517.2,105119301.0
2017-06-28,2517.2,2594.5,2450.0,2551.8,61001388.0
2017-06-29,2551.8,2600.2,2505.7,2542.1,44888716.0
2017-06-30,2542.1,2563.1,2450.7,2454.4,38393147.0
2017-07-01,2454.4,2497.4,2390.0,2425.1,48632926.0
2017-07-02,2425.1,2519.2,2371.3,2509.0,40593114.0
2017-07-03,2509.0,2599.7,2478.4,2562.3,44112217.0
2017-07-04,2562.3,2638.9,2538.2,2594.9,41760306.0
2017-07-05,2594.9,2626.3,2532.3,2606.9,31810248.0
2017-07-06,2606.9,2618.7,2563.0,2607.1,21018521.0
2017-07-07,2607.1,2612.2,2473.0,2479.3,45820577.0
2017-07-08,2479.3,2558.0,2467.4,2554.0,38603727.0
2017-07-09,2554.0,2565.7,2500.0,2514.4,25731687.0
2017-07-10,2514.4,2521.9,2315.0,2337.8,84635827.0
2017-07-11,2337.8,2397.8,2241.9,2335.1,90139299.0
2017-07-12,2335.1,2408.4,2231.8,2380.1,79757431.0
2017-07-13,2380.1,2421.0,2310.6,2347.2,44274202.0
2017-07-14,2347.2,2354.8,2135.5,2203.9,82151863.0
2017-07-15,2203.9,2230.0,1979.0,2035.0,133822941.0
2017-07-16,2035.0,2053.8,1810.0,1939.0,155557783.0
2017-07-17,1939.0,2208.0,1901.5,2203.0,121074939.0
2017-07-18,2203.0,2387.0,2150.0,2289.6,159392619.0
2017-07-19,2289.6,2398.9,2220.0,2263.6,122714220.0
2017-07-20,2263.6,2840.0,2233.3,2838.0,235812489.0
2017-07-21,2838.0,2959.2,2610.0,2700.0,235345801.0
2017-07-22,2700.0,2906.0,2644.2,2825.2,158501114.0
2017-07-23,2825.2,2866.3,2650.0,2723.4,140158491.0
2017-07-24,2723.4,2817.0,2704.3,2761.6,94027686.0
2017-07-25,2761.6,2788.4,2438.4,2533.8,227798553.0
2017-07-26,2533.8,2609.9,2391.2,2506.0,153504256.0
2017-07-27,2506.0,2680.1,2491.1,2679.0,105953650.0
2017-07-28,2679.0,2828.0,2645.9,2782.1,145209950.0
2017-07-29,2782.1,2791.5,2654.9,2690.4,108861093.0
2017-07-30,2690.4,2747.0,2556.2,2717.1,90236137.0
2017-07-31,2717.1,2891.0,2684.7,2844.1,99560499.0
2017-08-01,2844.1,2913.1,2601.2,2701.3,174444572.0
2017-08-02,2701.3,2766.6,2633.7,2689.2,81867665.0
2017-08-03,2689.2,2805.8,2675.4,2803.9,50682090.0
2017-08-04,2803.9,2875.1,2760.6,2859.9,70991816.0
2017-08-05,2859.9,3341.6,2848.2,3230.0,248737979.0
2017-08-06,3230.0,3305.0,3142.8,3248.1,131159128.0
2017-08-07,3248.1,3442.0,3180.7,3390.0,138549900.0
2017-08-08,3390.0,3486.7,3328.0,3454.0,180503890.0
2017-08-09,3454.0,3457.6,3220.0,3300.1,159561197.0
2017-08-10,3300.1,3443.9,3300.1,3420.7,90890474.0
2017-08-11,3420.7,3692.0,3393.4,3680.0,132219596.0
2017-08-12,3680.0,3987.6,3603.7,3845.1,274813098.0
2017-08-13,3845.1,4215.1,3822.3,4114.5,373021914.0
2017-08-14,4114.5,4340.0,3960.3,4263.0,264805337.0
2017-08-15,4263.0,4440.0,3834.6,4186.6,435551985.0
2017-08-16,4186.6,4382.4,3917.0,4352.0,273884301.0
2017-08-17,4352.0,4498.0,4170.0,4312.9,317441292.0
2017-08-18,4312.9,4368.3,3941.9,4102.9,256127134.0
2017-08-19,4102.9,4183.0,3933.0,4153.0,196181111.0
2017-08-20,4153.0,4179.4,4023.0,4128.8,131190118.0
2017-08-21,4128.8,4131.5,3951.0,4009.5,121587805.0
2017-08-22,4009.5,4187.3,3550.0,4053.1,280676525.0
2017-08-23,4053.1,4259.9,4029.7,4144.6,158499242.0
2017-08-24,4144.6,4339.2,4085.8,4321.9,113853615.0
2017-08-25,4321.9,4472.6,4256.0,4371.3,151069009.0
2017-08-26,4371.3,4371.5,4234.1,4337.5,101805694.0
2017-08-27,4337.5,4414.0,4300.4,4343.2,70937283.0
2017-08-28,4343.2,4413.3,4169.0,4380.9,122681649.0
2017-08-29,4380.9,4709.9,4333.5,4610.4,173596425.0
2017-08-30,4610.4,4666.5,4473.8,4581.0,118328373.0
2017-08-31,4581.0,4769.0,4568.5,4738.5,138943929.0
2017-09-01,4738.5,4936.6,4678.0,4889.2,178333003.0
2017-09-02,4889.2,5013.3,4487.3,4520.9,407783137.0
2017-09-03,4520.9,4742.2,4412.1,4602.3,227471516.0
2017-09-04,4602.3,4652.0,4161.4,4381.2,381258363.0
2017-09-05,4381.2,4497.8,4061.3,4487.5,308620380.0
2017-09-06,4487.5,4662.9,4408.3,4620.8,191844771.0
2017-09-07,4620.8,4678.0,4476.1,4622.2,154322657.0
2017-09-08,4622.2,4689.7,4116.0,4318.0,408177107.0
2017-09-09,4318.0,4416.1,4185.1,4345.3,215116908.0
2017-09-10,4345.3,4355.2,4012.6,4270.1,239099840.0
2017-09-11,4270.1,4380.0,4105.4,4218.6,191735212.0
2017-09-12,4218.6,4380.0,4055.0,4159.6,218115765.0
2017-09-13,4159.6,4159.6,3722.9,3934.1,380583151.0
2017-09-14,3934.1,3935.0,3250.0,3294.8,571944131.0
2017-09-15,3294.8,3841.1,2939.7,3761.5,806451860.0
2017-09-16,3761.5,3900.0,3531.7,3720.1,336400749.0
2017-09-17,3720.1,3810.0,3470.8,3733.1,231225845.0
2017-09-18,3733.1,4149.0,3670.1,4058.7,331047777.0
2017-09-19,4058.7,4130.0,3838.4,3914.9,354150323.0
2017-09-20,3914.9,4060.0,3825.0,3953.0,241693203.0
2017-09-21,3953.0,3959.0,3571.4,3631.0,383664414.0
2017-09-22,3631.0,3765.0,3515.0,3608.7,340854074.0
2017-09-23,3608.7,3826.5,3560.0,3749.0,219219972.0
2017-09-24,3749.0,3782.4,3595.5,3677.0,190484504.0
2017-09-25,3677.0,3980.0,3656.0,3927.8,269632012.0
2017-09-26,3927.8,3981.3,3850.0,3876.9,225724608.0
2017-09-27,3876.9,4208.6,3865.9,4191.9,297921247.0
2017-09-28,4191.9,4276.7,4125.0,4184.0,318708071.0
2017-09-29,4184.0,4240.0,4031.1,4166.0,394527206.0
2017-09-30,4166.0,4355.7,4140.0,4329.5,283882986.0
2017-10-01,4329.5,4384.1,4251.1,4375.9,254274310.0
2017-10-02,4375.9,4458.8,4355.5,4366.1,326827847.0
2017-10-03,4366.1,4435.0,4224.1,4304.0,345261383.0
2017-10-04,4304.0,4339.0,4162.0,4220.9,256363999.0
2017-10-05,4220.9,4377.5,4134.8,4362.8,310032649.0
2017-10-06,4362.8,4430.0,4291.7,4356.8,256663643.0
2017-10-07,4356.8,4482.6,4307.0,4470.0,159481088.0
2017-10-08,4470.0,4619.6,4429.5,4606.4,313151106.0
2017-10-09,4606.4,4914.5,4546.4,4766.0,561185840.0
2017-10-10,4766.0,4943.7,4698.6,4767.8,517952345.0
2017-10-11,4767.8,4887.0,4706.0,4810.0,391471372.0
2017-10-12,4810.0,5410.0,4800.6,5301.1,837416590.0
2017-10-13,5301.1,5980.0,5301.1,5639.9,1371823709.0
2017-10-14,5639.9,5843.6,5588.7,5764.6,568024146.0
2017-10-15,5764.6,5904.6,5405.0,5728.9,776440854.0
2017-10-16,5728.9,5779.9,5531.1,5723.0,484701406.0
2017-10-17,5723.0,5876.2,5510.0,5568.5,631485569.0
2017-10-18,5568.5,5630.0,5100.0,5603.2,1047067542.0
2017-10-19,5603.2,5757.9,5527.0,5721.7,673782591.0
2017-10-20,5721.7,6168.9,5602.0,6043.5,901352871.0
2017-10-21,6043.5,6220.0,5875.0,6089.4,845760913.0
2017-10-22,6089.4,6089.5,5720.0,5921.0,852170948.0
2017-10-23,5921.0,6095.2,5638.7,5833.5,1011365375.0
2017-10-24,5833.5,5877.3,5454.0,5507.0,960959327.0
2017-10-25,5507.0,5718.0,5366.0,5679.0,696526873.0
2017-10-26,5679.0,6008.0,5652.2,5879.7,791728040.0
2017-10-27,5879.7,6013.0,5678.0,5766.5,638972854.0
2017-10-28,5766.5,5878.0,5652.7,5750.1,447377440.0
2017-10-29,5750.1,6366.0,5687.5,6190.7,726990218.0
2017-10-30,6190.7,6247.4,6010.8,6106.9,594111412.0
2017-10-31,6106.9,6468.6,6088.4,6388.5,728560587.0
2017-11-01,6388.5,6678.2,6360.0,6650.8,976128259.0
2017-11-02,6650.8,7437.7,6622.1,7002.4,1982636284.0
2017-11-03,7002.4,7495.0,6920.0,7160.0,1338168588.0
2017-11-04,7160.0,7596.1,6983.6,7422.3,1062268833.0
2017-11-05,7422.3,7621.7,7288.6,7351.4,986056534.0
2017-11-06,7351.4,7436.0,6940.0,6940.0,1488484955.0
2017-11-07,6940.0,7215.5,6900.0,7093.9,1082290267.0
2017-11-08,7093.9,7950.0,7013.0,7406.3,1924334723.0
2017-11-09,7406.3,7500.0,7030.0,7119.0,1043981182.0
2017-11-10,7119.0,7362.5,6431.0,6695.5,1764406543.0
2017-11-11,6695.5,6818.0,6220.5,6320.5,1348956856.0
2017-11-12,6320.5,6480.0,5464.0,5678.0,2151240445.0
2017-11-13,5678.0,6720.0,5610.0,6480.0,1515224031.0
2017-11-14,6480.0,6777.0,6410.0,6589.5,808013630.0
2017-11-15,6589.5,7367.0,6541.0,7278.0,1239678777.0
2017-11-16,7278.0,8061.0,7131.0,7827.5,1337826836.0
2017-11-17,7827.5,8059.0,7550.0,7774.5,1596907448.0
2017-11-18,7774.5,7893.5,7425.0,7875.0,881892721.0
2017-11-19,7875.0,8152.5,7680.0,8045.5,799990805.0
2017-11-20,8045.5,8296.0,7929.5,8269.5,842085220.0
2017-11-21,8269.5,8393.5,7407.5,8004.0,1642885193.0
2017-11-22,8004.0,8319.0,7998.0,8244.5,894649642.0
2017-11-23,8244.5,8277.0,8059.0,8125.0,626540303.0
2017-11-24,8125.0,8386.5,7832.0,8245.0,1041061678.0
2017-11-25,8245.0,8767.0,8140.0,8699.0,881839543.0
2017-11-26,8699.0,9586.0,8686.0,9354.5,1792292944.0
2017-11-27,9354.5,9796.0,9277.5,9665.5,1565423737.0
2017-11-28,9665.5,9992.5,9607.5,9937.5,1267996515.0
2017-11-29,9937.5,11489.0,8830.0,10017.5,3383224967.0
2017-11-30,10017.5,10750.5,8938.5,9858.5,2328583192.0
2017-12-01,9858.5,10988.0,9347.5,10827.0,1998092109.0
2017-12-02,10827.0,11262.5,10676.5,10974.0,1395736190.0
2017-12-03,10974.0,11896.0,10402.0,11080.0,1610894545.0
2017-12-04,11080.0,11653.0,10856.0,11519.0,1593479617.0
2017-12-05,11519.0,11961.0,11451.0,11753.5,1165375626.0
2017-12-06,11753.5,13890.5,11700.5,13835.0,2042767762.0
2017-12-07,13835.0,17750.0,13323.5,17090.0,3811562513.0
2017-12-08,17090.0,17719.5,13889.5,16183.0,3039207896.0
2017-12-09,16183.0,16600.0,13225.0,14983.5,1847597313.0
2017-12-10,14983.5,15951.0,13218.0,14777.5,2225375368.0
2017-12-11,14777.5,17742.5,14500.0,17234.0,1733732483.0
2017-12-12,17234.0,18067.0,16200.0,17550.0,1651404991.0
2017-12-13,17550.0,17586.0,15855.0,16517.0,1750151742.0
2017-12-14,16517.0,17145.0,16103.0,16609.0,1085215847.0
2017-12-15,16609.0,18296.5,16545.5,17699.5,1494146926.0
2017-12-16,17699.5,19656.5,17476.5,19581.5,1364499984.0
2017-12-17,19581.5,20093.0,18737.5,19872.5,1661010985.0
2017-12-18,19872.5,19880.0,18032.5,19017.0,1975698821.0
2017-12-19,19017.0,19346.0,16804.5,17285.0,1861695588.0
2017-12-20,17285.0,17943.5,15080.0,16372.5,2483679665.0
2017-12-21,16372.5,17468.5,15050.0,15692.0,1675167762.0
2017-12-22,15692.0,15905.0,10900.0,14888.5,3354741753.0
2017-12-23,14888.5,15928.0,13276.5,15048.5,1528113244.0
2017-12-24,15048.5,15263.5,12521.5,13900.0,1736419362.0
2017-12-25,13900.0,14710.5,13232.0,13852.5,997571321.0
2017-12-26,13852.5,16384.5,13852.5,15765.0,1397462589.0
2017-12-27,15765.0,16700.0,14497.5,15284.0,1275055754.0
2017-12-28,15284.0,15535.5,13450.5,14088.5,1324001346.0
2017-12-29,14088.5,15175.0,13905.0,14611.5,880186794.0
2017-12-30,14611.5,14765.0,11973.0,12867.0,1501349480.0
2017-12-31,12867.0,14350.0,12468.5,13962.0,837192855.0
2018-01-01,13962.0,14046.5,12772.0,13572.5,640442305.0
2018-01-02,13572.5,15269.0,12900.0,14832.5,886409865.0
2018-01-03,14832.5,15524.0,14555.0,14856.0,819874651.0
2018-01-04,14856.0,15500.0,14150.0,15078.0,820129435.0
2018-01-05,15078.0,17070.5,14805.0,16912.0,969710730.0
2018-01-06,16912.0,17422.0,16235.0,17172.5,804350718.0
2018-01-07,17172.5,17295.0,15770.5,16432.5,860716176.0
2018-01-08,16432.5,16444.0,13800.0,14692.0,1457378346.0
2018-01-09,14692.0,15375.0,14183.0,14422.0,989124240.0
2018-01-10,14422.0,14772.5,13426.0,14569.5,1143337680.0
2018-01-11,14569.5,15033.5,12703.5,13071.0,1515603140.0
2018-01-12,13071.0,14197.0,12818.5,13667.0,930423562.0
2018-01-13,13667.0,14600.0,13631.5,14321.0,595636201.0
2018-01-14,14321.0,14364.0,13049.0,13638.0,792034816.0
2018-01-15,13638.0,14374.5,13418.0,13840.5,704326901.0
2018-01-16,13840.5,13861.0,10100.0,11144.5,2714409340.0
2018-01-17,11144.5,11799.0,9209.0,11111.0,2286983415.0
2018-01-18,11111.0,12183.0,10615.5,11314.5,1465862335.0
2018-01-19,11314.5,12078.0,10956.5,11238.5,1008327685.0
2018-01-20,11238.5,13008.0,11205.0,12841.0,945116680.0
2018-01-21,12841.0,12841.0,11088.5,11220.0,1134057978.0
2018-01-22,11220.0,11855.0,10020.0,10682.0,1465663730.0
2018-01-23,10682.0,11437.0,9874.0,11056.0,1445151731.0
2018-01-24,11056.0,11499.0,10437.0,11086.5,1153418680.0
2018-01-25,11086.5,11750.0,10840.5,11137.5,991608383.0
2018-01-26,11137.5,11653.0,10230.0,10783.5,1432184727.0
2018-01-27,10783.5,11631.0,10777.5,11448.0,1028756679.0
2018-01-28,11448.0,11970.0,11291.0,11669.0,759613083.0
2018-01-29,11669.0,11768.0,10865.0,11030.5,901416007.0
2018-01-30,11030.5,11245.0,9616.5,10110.0,1507027278.0
2018-01-31,10110.0,10332.5,9500.0,10046.5,1216210761.0
2018-02-01,10046.5,10199.0,8476.0,8891.0,1764295420.0
2018-02-02,8891.0,9099.0,7610.0,8752.5,1971292139.0
2018-02-03,8752.5,9499.0,8105.0,9086.5,1187276851.0
2018-02-04,9086.5,9395.0,7791.0,8390.5,1424294216.0
2018-02-05,8390.5,8391.0,6543.0,6772.0,2032925875.0
2018-02-06,6772.0,7930.0,5855.0,7650.0,2398138327.0
2018-02-07,7650.0,8590.0,7189.5,7835.5,1934025789.0
2018-02-08,7835.5,8655.0,7535.5,8241.0,1774632044.0
2018-02-09,8241.0,8750.0,7692.0,8593.0,1476204101.0
2018-02-10,8593.0,9084.0,8112.0,8570.5,1539219966.0
2018-02-11,8570.5,8599.0,7830.0,8293.0,1470651064.0
2018-02-12,8293.0,8920.0,8000.5,8917.0,1611239579.0
2018-02-13,8917.0,8999.0,8331.0,8555.5,1579249446.0
2018-02-14,8555.5,9475.0,8450.0,9455.0,1632539751.0
2018-02-15,9455.0,10191.0,9336.0,10083.5,2123115956.0
2018-02-16,10083.5,10304.0,9705.0,10211.5,1785318046.0
2018-02-17,10211.5,11000.0,10013.5,10964.5,2094374276.0
2018-02-18,10964.5,11292.0,10174.0,10585.5,3000224595.0
2018-02-19,10585.5,11277.0,10300.0,11097.5,2487140011.0
2018-02-20,11097.5,11771.0,11060.0,11362.0,2606306834.0
2018-02-21,11362.0,11387.0,10251.0,10479.5,3344743911.0
2018-02-22,10479.5,10905.0,9726.0,9961.0,3198475978.0
2018-02-23,9961.0,10369.0,9581.0,10127.0,2830930661.0
2018-02-24,10127.0,10523.0,9338.5,9645.5,2804805579.0
2018-02-25,9645.5,9880.0,9289.0,9651.0,2293388441.0
2018-02-26,9651.0,10450.0,9379.5,10351.0,2495044539.0
2018-02-27,10351.0,10879.5,10150.5,10733.0,2611705839.0
2018-02-28,10733.0,11070.0,10380.5,10425.5,3047485048.0
2018-03-01,10425.5,11105.0,10230.0,10969.0,3165161792.0
2018-03-02,10969.0,11198.0,10770.0,11127.0,2900912550.0
2018-03-03,11127.0,11524.5,10901.0,11408.0,2878130451.0
2018-03-04,11408.0,11513.5,11066.0,11410.5,2605979607.0
2018-03-05,11410.5,11683.0,11387.5,11569.0,2427371403.0
2018-03-06,11569.0,11595.0,10560.0,10770.0,3900171146.0
2018-03-07,10770.0,10898.0,9330.5,9933.0,4822034692.0
2018-03-08,9933.0,10121.5,9030.0,9265.5,4912847273.0
2018-03-09,9265.5,9423.5,8340.0,9207.0,5658274892.0
2018-03-10,9207.0,9500.0,8706.0,8833.0,3196766778.0
2018-03-11,8833.0,9789.0,8400.0,9517.0,3920080547.0
2018-03-12,9517.0,9900.0,8711.0,9030.0,3869723247.0
2018-03-13,9030.0,9519.0,8805.5,9157.0,3624751763.0
2018-03-14,9157.0,9400.0,7933.5,8173.5,3571170087.0
2018-03-15,8173.5,8475.0,7652.5,8319.5,3843034390.0
2018-03-16,8319.5,8643.0,7873.0,8497.0,2675476265.0
2018-03-17,8497.0,8520.0,7730.5,8022.0,2607002133.0
2018-03-18,8022.0,8370.0,7300.0,8147.0,3775268520.0
2018-03-19,8147.0,8780.0,8126.0,8515.0,3216988119.0
2018-03-20,8515.0,9064.0,8323.5,8934.5,3106257346.0
2018-03-21,8934.5,9217.5,8750.0,8847.0,3037890503.0
2018-03-22,8847.0,9095.0,8505.0,8697.0,3062144099.0
2018-03-23,8697.0,8768.5,8255.0,8645.5,3012980680.0
2018-03-24,8645.5,9032.5,8566.0,8633.5,2807782775.0
2018-03-25,8633.5,8683.0,8360.0,8433.0,2716257677.0
2018-03-26,8433.0,8493.5,7820.0,8184.0,3185016771.0
2018-03-27,8184.0,8269.0,7716.0,7964.5,3162792435.0
2018-03-28,7964.5,8097.0,7727.5,7957.0,2547503638.0
2018-03-29,7957.0,7974.5,6850.0,7154.5,4053018516.0
2018-03-30,7154.5,7227.0,6543.0,6779.0,4543069411.0
2018-03-31,6779.0,7222.0,6757.0,6939.0,3092717056.0
2018-04-01,6939.0,7053.0,6404.5,6807.0,3119198700.0
2018-04-02,6807.0,7123.0,6766.0,7021.0,2393595373.0
2018-04-03,7021.0,7518.0,7005.0,7394.5,2736358858.0
2018-04-04,7394.5,7449.5,6686.5,6751.0,3324668631.0
2018-04-05,6751.0,6935.0,6555.0,6829.5,3330663149.0
2018-04-06,6829.5,6875.0,6479.5,6534.0,2232236690.0
2018-04-07,6534.0,7058.5,6510.5,6943.5,1944855576.0
2018-04-08,6943.5,7137.0,6860.0,7023.0,1645584627.0
2018-04-09,7023.0,7177.5,6600.0,6685.0,2729520732.0
2018-04-10,6685.0,6888.0,6620.0,6794.0,1776716337.0
2018-04-11,6794.0,6949.0,6768.5,6920.0,1427651756.0
2018-04-12,6920.0,8149.0,6688.0,7862.0,3260073233.0
2018-04-13,7862.0,8227.0,7754.0,7923.5,3513372014.0
2018-04-14,7923.5,8195.0,7835.0,8049.5,2405049452.0
2018-04-15,8049.5,8428.5,7910.0,8344.0,2073697544.0
2018-04-16,8344.0,8420.0,7910.0,8012.0,2822646262.0
2018-04-17,8012.0,8179.0,7800.5,7905.0,2172770208.0
2018-04-18,7905.0,8262.0,7857.0,8161.5,1909501766.0
2018-04-19,8161.5,8300.0,8068.5,8254.0,1915342542.0
2018-04-20,8254.0,8974.0,8215.0,8861.0,2828506323.0
2018-04-21,8861.0,9050.5,8651.0,8805.0,3158261237.0
2018-04-22,8805.0,9020.0,8739.0,8851.0,2607543706.0
2018-04-23,8851.0,9005.0,8755.5,8943.5,2293847785.0
2018-04-24,8943.5,9599.0,8925.0,9569.5,3811363909.0
2018-04-25,9569.5,9780.0,8711.0,8967.0,5881004023.0
2018-04-26,8967.0,9238.0,8611.0,9224.0,3707282988.0
2018-04-27,9224.0,9384.5,8918.0,9024.5,2942498890.0
2018-04-28,9024.5,9450.0,8852.0,9362.0,2939477283.0
2018-04-29,9362.0,9540.0,9192.0,9392.5,2270963266.0
2018-04-30,9392.5,9457.0,9123.0,9197.0,2343972321.0
2018-05-01,9197.0,9253.5,8800.5,9037.0,2607588362.0
2018-05-02,9037.0,9250.0,8974.5,9245.0,1929471970.0
2018-05-03,9245.0,9775.5,9167.5,9726.0,2962548432.0
2018-05-04,9726.0,9852.0,9351.0,9735.0,2834141928.0
2018-05-05,9735.0,9970.0,9671.5,9818.0,2449753596.0
2018-05-06,9818.0,9936.0,9416.0,9599.0,2906762814.0
2018-05-07,9599.0,9618.0,9170.0,9315.5,3068367578.0
2018-05-08,9315.5,9449.0,9002.0,9205.0,2542566049.0
2018-05-09,9205.0,9345.0,8966.0,9317.0,2217789785.0
2018-05-10,9317.0,9399.0,9056.0,9100.5,2232585937.0
2018-05-11,9100.5,9100.5,8337.0,8426.5,4080981591.0
2018-05-12,8426.5,8634.5,8225.0,8451.0,3744245145.0
2018-05-13,8451.0,8758.0,8336.0,8741.5,2525497611.0
2018-05-14,8741.5,8882.5,8282.5,8609.0,3321287090.0
2018-05-15,8609.0,8849.0,8417.5,8461.5,2550172897.0
2018-05-16,8461.5,8499.0,8080.0,8281.0,3022886119.0
2018-05-17,8281.0,8481.0,7945.0,8075.5,1999819399.0
2018-05-18,8075.5,8273.5,7920.0,8218.5,2016672923.0
2018-05-19,8218.5,8400.0,8152.0,8216.5,1366455237.0
2018-05-20,8216.5,8610.0,8174.5,8495.0,1692003247.0
2018-05-21,8495.0,8594.5,8320.0,8402.0,1814762250.0
2018-05-22,8402.0,8423.5,7950.0,7974.0,2503562743.0
2018-05-23,7974.0,8036.0,7430.5,7556.0,4199011557.0
2018-05-24,7556.0,7740.0,7256.0,7576.0,3745269174.0
2018-05-25,7576.0,7664.0,7320.0,7399.5,2523964578.0
2018-05-26,7399.5,7648.0,7374.0,7537.0,1255357858.0
