,Close,High,Low,Open,Volume
,,,,,
2014-08-14,7.03e-06,2e-05,6.1e-06,1.13e-05,0.11916396
2014-08-15,1.12e-05,1.8e-05,1.12e-05,1.49e-05,0.31101487
2014-08-16,1.1e-05,1.6899999999999994e-05,1.1e-05,1.1e-05,0.03746567
2014-08-17,1.6899999999999994e-05,1.6899999999999994e-05,1.1e-05,1.1e-05,0.06086529
2014-08-18,1e-05,1.2e-05,1e-05,1.2e-05,0.22182501
2014-08-19,1e-05,1e-05,1e-05,1e-05,0.02563
2014-08-20,1e-05,1e-05,1e-05,1e-05,0.01157
2014-08-21,1.19e-05,1.19e-05,9.03e-06,1.1e-05,0.03094871
2014-08-22,1.19e-05,1.19e-05,1.19e-05,1.19e-05,0.01642477
2014-08-23,1.17e-05,1.55e-05,1.17e-05,1.55e-05,0.00361675
2014-08-24,1.13e-05,1.13e-05,1.13e-05,1.13e-05,0.0025534000000000004
2014-08-25,9.55e-06,1.4499999999999993e-05,9.21e-06,1.4499999999999993e-05,0.65859349
2014-08-26,1.13e-05,1.15e-05,1e-05,1.05e-05,0.06969398
2014-08-27,8.8e-06,1.06e-05,8.8e-06,9.33e-06,0.13224139
2014-08-28,8.81e-06,1.06e-05,8.81e-06,1.06e-05,0.58194018
2014-08-29,1e-05,1.05e-05,8.96e-06,1.05e-05,1.61990208
2014-08-30,1.06e-05,1.06e-05,9.53e-06,9.55e-06,0.39679189
2014-08-31,9.9e-06,9.9e-06,8.5e-06,9.62e-06,1.15796536
2014-09-01,9.3e-06,1.03e-05,9.3e-06,9.9e-06,0.55206454
2014-09-02,9.34e-06,1.03e-05,9.3e-06,9.3e-06,0.02317586
2014-09-03,9.35e-06,1.04e-05,9.35e-06,9.5e-06,0.07676694
2014-09-04,9.99e-06,1.04e-05,9e-06,9.41e-06,0.44291218
2014-09-05,1.04e-05,1.04e-05,9.03e-06,9.09e-06,0.18366268
2014-09-06,1.04e-05,1.04e-05,9.41e-06,1.04e-05,0.09200465
2014-09-07,1.04e-05,1.04e-05,1e-05,1e-05,0.0222876
2014-09-08,1e-05,1.04e-05,9.800000000000001e-06,1.04e-05,0.58175163
2014-09-09,9.87e-06,1.04e-05,9.87e-06,1.04e-05,0.35477784
2014-09-10,1.05e-05,1.2e-05,9.92e-06,9.97e-06,0.21693001
2014-09-11,9.85e-06,9.98e-06,9.85e-06,9.93e-06,0.4314722
2014-09-12,9.02e-06,1.02e-05,9.02e-06,1.02e-05,0.04974103
2014-09-13,9.09e-06,1.02e-05,9.04e-06,1.01e-05,0.06227244
2014-09-14,1.03e-05,1.25e-05,1.02e-05,1.02e-05,0.28153179
2014-09-15,1.03e-05,1.33e-05,1.03e-05,1.05e-05,3.35209368
2014-09-16,1.05e-05,1.1e-05,1.05e-05,1.1e-05,0.1789022
2014-09-17,1.2e-05,1.4e-05,1.19e-05,1.19e-05,0.49934617
2014-09-18,1.3e-05,1.3800000000000007e-05,1.2e-05,1.33e-05,0.26664215
2014-09-19,1.13e-05,1.3e-05,1.13e-05,1.15e-05,0.15616369
2014-09-20,1.28e-05,1.3e-05,1.42e-06,1.3e-05,0.59954459
2014-09-21,1.23e-05,1.25e-05,1.05e-05,1.05e-05,0.34262062
2014-09-22,1.22e-05,1.23e-05,1.09e-05,1.23e-05,0.10111425
2014-09-23,1.06e-05,1.22e-05,1.06e-05,1.1e-05,0.2772234000000001
2014-09-24,1.18e-05,1.32e-05,1.06e-05,1.06e-05,3.35022882
2014-09-25,1.21e-05,1.4499999999999993e-05,1.1e-05,1.18e-05,2.43939309
2014-09-26,1.31e-05,1.31e-05,1.16e-05,1.2e-05,1.13566711
2014-09-27,1.13e-05,1.24e-05,1.13e-05,1.24e-05,0.08226856
2014-09-28,1.42e-05,1.4300000000000005e-05,1.13e-05,1.15e-05,0.68287844
2014-09-29,1.32e-05,1.4499999999999993e-05,1.13e-05,1.3800000000000007e-05,9.99198283
2014-09-30,1.21e-05,1.3699999999999998e-05,1.2e-05,1.33e-05,1.43284157
2014-10-01,1.32e-05,1.32e-05,1.22e-05,1.25e-05,1.37550976
2014-10-02,1.34e-05,1.3800000000000007e-05,1.3e-05,1.32e-05,0.72138164
2014-10-03,1.39e-05,1.52e-05,1.31e-05,1.34e-05,1.89303524
2014-10-04,1.4800000000000002e-05,1.6899999999999994e-05,1.31e-05,1.3699999999999998e-05,3.13279379
2014-10-05,1.66e-05,2.6e-05,1.4300000000000005e-05,1.44e-05,3.19632202
2014-10-06,1.95e-05,2.49e-05,1.65e-05,2.11e-05,5.11501537
2014-10-07,1.41e-05,1.97e-05,1.4e-05,1.95e-05,7.36415803
2014-10-08,1.4300000000000005e-05,1.47e-05,1.32e-05,1.47e-05,2.07773793
2014-10-09,1.55e-05,1.55e-05,1.3e-05,1.4300000000000005e-05,1.95816011
2014-10-10,1.32e-05,1.49e-05,1.27e-05,1.49e-05,1.95288026
2014-10-11,1.4300000000000005e-05,1.4499999999999993e-05,1.26e-05,1.34e-05,1.06370838
2014-10-12,1.33e-05,1.49e-05,1.25e-05,1.25e-05,0.8742622999999999
2014-10-13,1.22e-05,1.49e-05,1.2e-05,1.32e-05,3.29773652
2014-10-14,1.16e-05,1.35e-05,1.16e-05,1.26e-05,2.05528376
2014-10-15,1.19e-05,1.22e-05,1.18e-05,1.21e-05,0.32791571
2014-10-16,1.2e-05,1.28e-05,1.19e-05,1.22e-05,0.209444
2014-10-17,1.22e-05,1.28e-05,1.16e-05,1.24e-05,1.17061924
2014-10-18,1.25e-05,1.26e-05,1.21e-05,1.22e-05,0.27273417
2014-10-19,1.27e-05,1.27e-05,1.21e-05,1.25e-05,0.44215765
2014-10-20,1.4e-05,1.4e-05,1.27e-05,1.27e-05,0.20225684
2014-10-21,1.35e-05,1.4499999999999993e-05,1.32e-05,1.4499999999999993e-05,0.05437204
2014-10-22,1.31e-05,1.36e-05,1.3e-05,1.32e-05,0.88330879
2014-10-23,1.3800000000000007e-05,1.4e-05,1.31e-05,1.35e-05,1.2598162
2014-10-24,1.4e-05,1.4e-05,1.34e-05,1.3800000000000007e-05,0.0959354
2014-10-25,1.3800000000000007e-05,1.42e-05,1.36e-05,1.4e-05,0.1994614
2014-10-26,1.34e-05,1.3800000000000007e-05,1.31e-05,1.35e-05,0.71509941
2014-10-27,1.34e-05,1.3800000000000007e-05,1.34e-05,1.35e-05,1.57894207
2014-10-28,1.3e-05,1.3800000000000007e-05,1.3e-05,1.3699999999999998e-05,0.15882918
2014-10-29,1.3699999999999998e-05,1.3699999999999998e-05,1.23e-05,1.3e-05,0.43276504
2014-10-30,1.35e-05,1.4499999999999993e-05,1.28e-05,1.35e-05,3.35387381
2014-10-31,1.42e-05,1.42e-05,1.3800000000000007e-05,1.3800000000000007e-05,0.1114265
2014-11-01,1.4e-05,1.42e-05,1.39e-05,1.42e-05,0.38976573
2014-11-02,1.4300000000000005e-05,1.4300000000000005e-05,1.36e-05,1.4e-05,0.56677962
2014-11-03,1.4e-05,1.47e-05,1.36e-05,1.36e-05,0.25546613
2014-11-04,1.46e-05,1.46e-05,1.41e-05,1.42e-05,0.59953562
2014-11-05,1.41e-05,1.46e-05,1.41e-05,1.46e-05,0.49662165
2014-11-06,1.4800000000000002e-05,1.4800000000000002e-05,1.35e-05,1.41e-05,0.75904119
2014-11-07,1.4e-05,1.4e-05,1.35e-05,1.3699999999999998e-05,0.6729919
2014-11-08,1.39e-05,1.4800000000000002e-05,1.39e-05,1.4499999999999993e-05,0.58511878
2014-11-09,1.35e-05,1.42e-05,1.35e-05,1.4e-05,0.65801489
2014-11-10,1.36e-05,1.3800000000000007e-05,1.33e-05,1.3800000000000007e-05,2.14886893
2014-11-11,1.35e-05,1.4800000000000002e-05,1.31e-05,1.36e-05,0.79377726
2014-11-12,1.15e-05,1.35e-05,1.1e-05,1.35e-05,2.96636581
2014-11-13,1.23e-05,1.4800000000000002e-05,1.09e-05,1.11e-05,4.35830217
2014-11-14,1.27e-05,1.39e-05,1.2e-05,1.27e-05,2.41175061
2014-11-15,1.4e-05,1.4e-05,1.26e-05,1.26e-05,1.68794968
2014-11-16,1.3e-05,1.39e-05,1.3e-05,1.39e-05,0.74426944
2014-11-17,1.4e-05,1.4e-05,1.26e-05,1.3e-05,8.65968534
2014-11-18,1.41e-05,1.47e-05,1.34e-05,1.4e-05,7.50032147
2014-11-19,1.4499999999999993e-05,1.4800000000000002e-05,1.39e-05,1.4e-05,3.26791088
2014-11-20,1.65e-05,1.6899999999999994e-05,1.4499999999999993e-05,1.46e-05,11.25245256
2014-11-21,1.91e-05,1.99e-05,1.64e-05,1.64e-05,8.79462942
2014-11-22,2.65e-05,2.75e-05,1.9e-05,1.91e-05,12.74769673
2014-11-23,2.28e-05,3.48e-05,2.11e-05,2.51e-05,24.53000004
2014-11-24,2.23e-05,2.68e-05,2.09e-05,2.26e-05,9.35468839
2014-11-25,2.6e-05,2.68e-05,2.22e-05,2.22e-05,7.81367727
2014-11-26,3.34e-05,3.53e-05,2.52e-05,2.6e-05,30.79550875
2014-11-27,4.19e-05,4.6e-05,3.15e-05,3.17e-05,107.6619813
2014-11-28,4.01e-05,4.25e-05,3.72e-05,4.2e-05,32.37611293
2014-11-29,3.5600000000000005e-05,4.04e-05,3.33e-05,4.01e-05,25.05242849
2014-11-30,2.81e-05,3.59e-05,2.5e-05,3.5e-05,19.21563565
2014-12-01,3.55e-05,4.1e-05,2.63e-05,2.79e-05,52.70322521
2014-12-02,3.35e-05,3.8e-05,2.99e-05,3.59e-05,36.03131623
2014-12-03,3.45e-05,3.5600000000000005e-05,3.24e-05,3.4899999999999995e-05,17.71450943
2014-12-04,3.5600000000000005e-05,3.77e-05,3.44e-05,3.47e-05,12.20529403
2014-12-05,3.7e-05,3.99e-05,3.54e-05,3.72e-05,13.30775449
2014-12-06,3.82e-05,3.99e-05,3.61e-05,3.61e-05,13.92574527
2014-12-07,3.950000000000001e-05,4.13e-05,3.83e-05,3.9299999999999986e-05,17.53601732
2014-12-08,4.2e-05,4.59e-05,3.88e-05,3.92e-05,28.122660600000003
2014-12-09,4.52e-05,4.54e-05,4.01e-05,4.2e-05,40.14584987
2014-12-10,4.52e-05,4.9e-05,4.38e-05,4.52e-05,59.67486334
2014-12-11,4.79e-05,4.9e-05,4.29e-05,4.6e-05,42.91579049
2014-12-12,4.64e-05,5.5e-05,4.6e-05,4.69e-05,96.03721093
2014-12-13,4.89e-05,5.04e-05,4.5e-05,4.7e-05,21.49037059
2014-12-14,4.8e-05,5e-05,4.8e-05,4.89e-05,21.860785
2014-12-15,6.2e-05,6.2e-05,4.8e-05,4.8e-05,110.6258582
2014-12-16,6.78e-05,8.9e-05,5.53e-05,6.07e-05,403.7300461
2014-12-17,8.78e-05,9.1e-05,6.809999999999999e-05,6.809999999999999e-05,312.5915458
2014-12-18,8.97e-05,9.6e-05,8.51e-05,8.8e-05,284.0199987
2014-12-19,6.7e-05,9.3e-05,6.1e-05,8.97e-05,408.4982524
2014-12-20,7.609999999999999e-05,8.190000000000001e-05,6.69e-05,6.75e-05,233.5768466
2014-12-21,7.609999999999999e-05,7.950000000000001e-05,7.45e-05,7.609999999999999e-05,95.3243855
2014-12-22,7.5e-05,7.94e-05,7.46e-05,7.609999999999999e-05,147.7582492
2014-12-23,6.69e-05,7.670000000000001e-05,6.69e-05,7.5e-05,110.6223886
2014-12-24,6.92e-05,7.120000000000001e-05,6.459999999999997e-05,6.69e-05,53.17580155
2014-12-25,7.780000000000001e-05,7.809999999999999e-05,6.9e-05,6.96e-05,48.42307647
2014-12-26,7.62e-05,7.900000000000001e-05,7.47e-05,7.780000000000001e-05,49.43186514
2014-12-27,7.609999999999999e-05,7.8e-05,7.46e-05,7.63e-05,18.35806298
2014-12-28,7.55e-05,7.69e-05,7.45e-05,7.609999999999999e-05,50.33517092
2014-12-29,7.53e-05,7.69e-05,7.53e-05,7.63e-05,23.09201106
2014-12-30,7.69e-05,7.75e-05,7.53e-05,7.55e-05,16.47753985
2014-12-31,7.58e-05,7.900000000000001e-05,7.56e-05,7.68e-05,25.17549501
2015-01-01,7.609999999999999e-05,7.69e-05,7.509999999999998e-05,7.58e-05,6.46804818
2015-01-02,7.780000000000001e-05,7.8e-05,7.609999999999999e-05,7.68e-05,18.2835039
2015-01-03,7.390000000000001e-05,7.85e-05,6.9e-05,7.780000000000001e-05,50.18973558
2015-01-04,6.879999999999999e-05,7.390000000000001e-05,6.579999999999999e-05,7.190000000000001e-05,94.42195348
2015-01-05,7.5e-05,7.6e-05,6.78e-05,6.78e-05,38.30367447
2015-01-06,7.31e-05,7.64e-05,7.159999999999999e-05,7.4e-05,56.54856633
2015-01-07,7.2e-05,7.45e-05,7.01e-05,7.31e-05,45.54733289
2015-01-08,7.2e-05,7.3e-05,7.11e-05,7.23e-05,39.69100599
2015-01-09,7.15e-05,7.41e-05,7.15e-05,7.26e-05,22.4951508
2015-01-10,7.11e-05,7.4e-05,6.879999999999999e-05,7.2e-05,68.05206177
2015-01-11,7.070000000000001e-05,7.11e-05,6.6e-05,7.11e-05,90.74694781
2015-01-12,6.63e-05,7.099999999999999e-05,6.63e-05,7.09e-05,49.03010220000001
2015-01-13,6.47e-05,6.9e-05,6.1e-05,6.78e-05,40.87056488
2015-01-14,8.04e-05,8.209999999999999e-05,6.440000000000001e-05,6.52e-05,129.0805668
2015-01-15,8.01e-05,8.6e-05,7.56e-05,8.170000000000001e-05,116.54100459999998
2015-01-16,7.82e-05,8.1e-05,7.63e-05,7.96e-05,33.43404032
2015-01-17,7.609999999999999e-05,7.82e-05,7.59e-05,7.730000000000001e-05,8.19274118
2015-01-18,7.5e-05,7.730000000000001e-05,7.159999999999999e-05,7.64e-05,22.79038793
2015-01-19,7.58e-05,7.65e-05,7.4e-05,7.5e-05,12.62051228
2015-01-20,7.87e-05,7.87e-05,7.5e-05,7.62e-05,56.01176062
2015-01-21,7.48e-05,8.1e-05,7.48e-05,7.87e-05,42.25379639
2015-01-22,7.290000000000001e-05,7.47e-05,7.170000000000001e-05,7.47e-05,39.45551017
2015-01-23,7.140000000000001e-05,7.41e-05,7.08e-05,7.32e-05,23.3766565
2015-01-24,6.670000000000001e-05,7.340000000000001e-05,6.51e-05,7.140000000000001e-05,58.72139581
2015-01-25,6.51e-05,7e-05,6.48e-05,6.670000000000001e-05,35.15297475
2015-01-26,5.99e-05,6.500000000000001e-05,5.260000000000001e-05,6.500000000000001e-05,69.38906598
2015-01-27,5.9e-05,6.45e-05,5.79e-05,5.920000000000001e-05,30.57596396
2015-01-28,6.2e-05,6.3e-05,5.85e-05,5.9e-05,18.86071275
2015-01-29,6.11e-05,6.57e-05,6.04e-05,6.21e-05,23.58008876
2015-01-30,6.31e-05,6.32e-05,6.1e-05,6.11e-05,14.60899061
2015-01-31,6.47e-05,6.55e-05,6.15e-05,6.26e-05,27.62273358
2015-02-01,6.05e-05,6.61e-05,6.05e-05,6.500000000000001e-05,23.5347002
2015-02-02,5.770000000000001e-05,6.2e-05,5.75e-05,6.08e-05,13.25153679
2015-02-03,5.81e-05,5.88e-05,5.39e-05,5.69e-05,30.86741502
2015-02-04,5.97e-05,6.27e-05,5.75e-05,5.8e-05,30.92162686
2015-02-05,7.15e-05,7.269999999999999e-05,5.89e-05,5.89e-05,86.26602628
2015-02-06,6.39e-05,7.49e-05,6.330000000000001e-05,7.26e-05,69.01812274
2015-02-07,6.56e-05,6.670000000000001e-05,6.17e-05,6.45e-05,17.69121986
2015-02-08,6.49e-05,6.56e-05,6e-05,6.53e-05,37.90936286
2015-02-09,6.29e-05,6.43e-05,6.18e-05,6.409999999999999e-05,30.00407832
2015-02-10,6.21e-05,6.38e-05,6.07e-05,6.21e-05,30.45004389
2015-02-11,6.2e-05,6.3e-05,6.1e-05,6.13e-05,15.53091463
2015-02-12,6.36e-05,6.4e-05,6.22e-05,6.26e-05,10.80926859
2015-02-13,6.21e-05,6.4e-05,6.09e-05,6.36e-05,6.23325314
2015-02-14,5.78e-05,6.28e-05,5.59e-05,6.28e-05,26.82255656
2015-02-15,5.75e-05,5.91e-05,5.37e-05,5.770000000000001e-05,23.47262785
2015-02-16,5.83e-05,6e-05,5.7e-05,5.85e-05,8.86287147
2015-02-17,5.720000000000002e-05,5.920000000000001e-05,5.720000000000002e-05,5.84e-05,4.12868437
2015-02-18,5.81e-05,5.88e-05,5.67e-05,5.720000000000002e-05,6.20428082
2015-02-19,5.64e-05,5.870000000000001e-05,5.6299999999999986e-05,5.870000000000001e-05,1.79710407
2015-02-20,5.400000000000001e-05,5.7e-05,5.400000000000001e-05,5.7e-05,7.52105449
2015-02-21,5.479999999999999e-05,5.4899999999999986e-05,5.350000000000001e-05,5.400000000000001e-05,3.2763194
2015-02-22,5.570000000000001e-05,5.69e-05,5.4299999999999985e-05,5.479999999999999e-05,7.94575153
2015-02-23,5.660000000000003e-05,5.75e-05,5.51e-05,5.600000000000001e-05,10.40342696
2015-02-24,5.4299999999999985e-05,5.69e-05,5.320000000000001e-05,5.56e-05,20.22603415
2015-02-25,5.520000000000003e-05,5.6299999999999986e-05,5.37e-05,5.58e-05,51.40580688
2015-02-26,5.5399999999999985e-05,5.64e-05,5.41e-05,5.520000000000003e-05,225.2959172
2015-02-27,5.19e-05,5.53e-05,5e-05,5.479999999999999e-05,133.155752
2015-02-28,4.92e-05,5.290000000000001e-05,4.9e-05,5.15e-05,151.27193530000002
2015-03-01,4.5e-05,5.1e-05,4.320000000000001e-05,5e-05,18.14823317
2015-03-02,4.28e-05,4.75e-05,4.28e-05,4.49e-05,26.17518034
2015-03-03,3.17e-05,4.34e-05,2.94e-05,4.3e-05,45.18417903
2015-03-04,3.84e-05,3.85e-05,3.03e-05,3.12e-05,40.67632676
2015-03-05,4.1e-05,4.5e-05,3.83e-05,3.83e-05,33.76571738
2015-03-06,3.87e-05,4.25e-05,3.6e-05,4.1e-05,17.57444566
2015-03-07,3.76e-05,4.07e-05,3.620000000000001e-05,3.91e-05,8.50052667
2015-03-08,3.7e-05,3.81e-05,3.6e-05,3.7e-05,14.03993948
2015-03-09,3.55e-05,4e-05,3.46e-05,3.72e-05,20.07254978
2015-03-10,3.41e-05,3.61e-05,3.33e-05,3.55e-05,12.91141294
2015-03-11,3.47e-05,3.61e-05,3.4e-05,3.4899999999999995e-05,17.62481436
2015-03-12,3.55e-05,3.6e-05,3.35e-05,3.48e-05,16.858376800000002
2015-03-13,3.65e-05,3.72e-05,3.3e-05,3.55e-05,12.56525059
2015-03-14,3.92e-05,4.1e-05,3.65e-05,3.65e-05,22.89010261
2015-03-15,3.74e-05,4.05e-05,3.67e-05,3.94e-05,11.40660093
2015-03-16,3.76e-05,3.9e-05,3.5e-05,3.7e-05,11.03366186
2015-03-17,3.77e-05,3.9e-05,3.2e-05,3.78e-05,12.03293431
2015-03-18,3.9299999999999986e-05,4.05e-05,3.77e-05,3.77e-05,17.43995668
2015-03-19,3.84e-05,4.1e-05,3.72e-05,3.9299999999999986e-05,31.47033962
2015-03-20,3.85e-05,3.96e-05,3.75e-05,3.82e-05,8.81980562
2015-03-21,3.78e-05,4e-05,3.72e-05,3.86e-05,20.14271143
2015-03-22,3.76e-05,3.86e-05,3.75e-05,3.84e-05,4.72598234
2015-03-23,3.620000000000001e-05,3.76e-05,3.620000000000001e-05,3.76e-05,6.24087535
2015-03-24,3.74e-05,4e-05,3.55e-05,3.63e-05,8.26801039
2015-03-25,3.55e-05,3.82e-05,3.510000000000001e-05,3.77e-05,8.15080607
2015-03-26,3.44e-05,3.6e-05,3.41e-05,3.55e-05,2.54930866
2015-03-27,3.510000000000001e-05,3.54e-05,3.4200000000000005e-05,3.44e-05,10.65700781
2015-03-28,3.4899999999999995e-05,3.52e-05,3.44e-05,3.510000000000001e-05,14.34274918
2015-03-29,3.44e-05,3.52e-05,3.34e-05,3.510000000000001e-05,155.9548525
2015-03-30,3.28e-05,3.4899999999999995e-05,3.28e-05,3.45e-05,96.4301062
2015-03-31,3.13e-05,3.33e-05,3.06e-05,3.28e-05,34.53797808
2015-04-01,3.11e-05,3.26e-05,3.07e-05,3.13e-05,5.10705533
2015-04-02,3.18e-05,3.4e-05,3.11e-05,3.11e-05,9.36988193
2015-04-03,3.44e-05,3.78e-05,3.12e-05,3.14e-05,39.96242244
2015-04-04,3.3799999999999995e-05,3.5e-05,3.35e-05,3.44e-05,33.86567395
2015-04-05,3.3600000000000004e-05,3.46e-05,3.3e-05,3.39e-05,9.95774293
2015-04-06,3.48e-05,3.6e-05,3.32e-05,3.3600000000000004e-05,13.65404611
2015-04-07,3.59e-05,3.65e-05,3.45e-05,3.45e-05,4.67687137
2015-04-08,3.7e-05,3.8e-05,3.53e-05,3.59e-05,5.87166197
2015-04-09,3.53e-05,3.78e-05,3.4200000000000005e-05,3.7e-05,6.20411299
2015-04-10,3.63e-05,3.63e-05,3.44e-05,3.53e-05,0.43271837
2015-04-11,3.39e-05,3.63e-05,2.5e-05,3.63e-05,49.2977978
2015-04-12,3.41e-05,3.53e-05,3.39e-05,3.4200000000000005e-05,5.91997204
2015-04-13,3.55e-05,3.55e-05,3.41e-05,3.4899999999999995e-05,3.29605562
2015-04-14,3.5700000000000014e-05,3.620000000000001e-05,3.4e-05,3.55e-05,25.51591348
2015-04-15,3.46e-05,3.58e-05,3.3e-05,3.5700000000000014e-05,32.08802857
2015-04-16,3.48e-05,3.54e-05,3e-05,3.53e-05,40.27124749
2015-04-17,3.53e-05,3.620000000000001e-05,3.11e-05,3.47e-05,13.85624082
2015-04-18,3.510000000000001e-05,3.54e-05,3.44e-05,3.53e-05,1.18123874
2015-04-19,3.52e-05,3.53e-05,3.44e-05,3.48e-05,4.86476334
2015-04-20,3.5e-05,3.61e-05,3.44e-05,3.52e-05,7.26955737
2015-04-21,3.46e-05,3.5700000000000014e-05,3.43e-05,3.510000000000001e-05,8.63439455
2015-04-22,3.4200000000000005e-05,3.5e-05,3.37e-05,3.48e-05,8.47866599
2015-04-23,3.35e-05,3.43e-05,3.3e-05,3.4200000000000005e-05,13.6090646
2015-04-24,3.35e-05,3.44e-05,3.34e-05,3.35e-05,3.35794307
2015-04-25,3.48e-05,3.5e-05,3.35e-05,3.3799999999999995e-05,12.14668993
2015-04-26,3.5e-05,3.52e-05,3.4200000000000005e-05,3.48e-05,2.96622079
2015-04-27,3.4e-05,3.52e-05,3.37e-05,3.52e-05,8.13567379
2015-04-28,3.4e-05,3.43e-05,3e-05,3.4e-05,39.98300505
2015-04-29,3.4899999999999995e-05,3.66e-05,3.3799999999999995e-05,3.4200000000000005e-05,54.52535967
2015-04-30,3.47e-05,3.6e-05,3.35e-05,3.53e-05,34.84387658
2015-05-01,3.4899999999999995e-05,3.52e-05,3.4e-05,3.43e-05,17.52303587
2015-05-02,3.41e-05,3.4899999999999995e-05,3.4e-05,3.41e-05,5.23458254
2015-05-03,3.35e-05,3.5e-05,3.35e-05,3.41e-05,13.66317024
2015-05-04,3.39e-05,3.44e-05,3.3100000000000005e-05,3.35e-05,12.30502493
2015-05-05,3.2200000000000003e-05,3.46e-05,3.21e-05,3.39e-05,113.7965736
2015-05-06,3.3e-05,3.44e-05,3.24e-05,3.26e-05,25.55973803
2015-05-07,3.18e-05,3.32e-05,3.05e-05,3.3e-05,18.19991942
2015-05-08,3.03e-05,3.2299999999999986e-05,3.02e-05,3.17e-05,60.45953662
2015-05-09,3.09e-05,3.16e-05,3e-05,3.07e-05,106.9443795
2015-05-10,3.04e-05,3.09e-05,2.95e-05,3.08e-05,64.61838594
2015-05-11,3.03e-05,3.08e-05,3.01e-05,3.01e-05,42.3424415
2015-05-12,2.92e-05,3.09e-05,2.9e-05,3.05e-05,24.84332921
2015-05-13,2.84e-05,3.01e-05,2.730000000000001e-05,2.94e-05,18.241194600000004
2015-05-14,2.81e-05,2.860000000000001e-05,2.69e-05,2.8300000000000014e-05,24.5653094
2015-05-15,2.7600000000000014e-05,2.8300000000000014e-05,2.7600000000000014e-05,2.81e-05,13.70599949
2015-05-16,2.77e-05,2.82e-05,2.75e-05,2.7600000000000014e-05,3.34597134
2015-05-17,2.64e-05,2.77e-05,2.62e-05,2.75e-05,6.89772383
2015-05-18,2.32e-05,2.64e-05,2.1e-05,2.64e-05,152.4938986
2015-05-19,2.85e-05,3.4e-05,2.11e-05,2.31e-05,138.30226399999998
2015-05-20,2.72e-05,2.94e-05,2.6e-05,2.79e-05,169.35993169999998
2015-05-21,2.7600000000000014e-05,2.8000000000000013e-05,2.7e-05,2.7399999999999995e-05,15.86624202
2015-05-22,2.79e-05,2.82e-05,2.7e-05,2.72e-05,20.07065867
2015-05-23,2.85e-05,2.95e-05,2.78e-05,2.79e-05,30.57249599
2015-05-24,2.79e-05,2.89e-05,2.79e-05,2.88e-05,30.01700568
2015-05-25,2.87e-05,3.1e-05,2.79e-05,2.8000000000000013e-05,35.94640124
2015-05-26,2.84e-05,2.94e-05,2.82e-05,2.93e-05,8.93566
2015-05-27,2.84e-05,3.1e-05,2.8000000000000013e-05,2.87e-05,27.49244797
2015-05-28,3.33e-05,3.5e-05,2.87e-05,2.87e-05,52.05301315
2015-05-29,3.91e-05,4.14e-05,3.3e-05,3.33e-05,77.96190487
2015-05-30,3.45e-05,4.01e-05,3.4200000000000005e-05,3.92e-05,54.20661715
2015-05-31,3.61e-05,3.66e-05,3.46e-05,3.5e-05,26.38011575
2015-06-01,3.3100000000000005e-05,3.65e-05,3.17e-05,3.5600000000000005e-05,40.56324457
2015-06-02,3.66e-05,3.66e-05,3.2200000000000003e-05,3.28e-05,35.08169664
2015-06-03,3.510000000000001e-05,3.71e-05,3.39e-05,3.64e-05,19.36124336
2015-06-04,3.43e-05,3.55e-05,3.21e-05,3.5e-05,41.12250952
2015-06-05,3.4899999999999995e-05,3.58e-05,3.43e-05,3.43e-05,6.63278447
2015-06-06,3.4899999999999995e-05,3.510000000000001e-05,3.46e-05,3.4899999999999995e-05,2.64745537
2015-06-07,3.48e-05,3.5600000000000005e-05,3.47e-05,3.4899999999999995e-05,1.25130828
2015-06-08,3.48e-05,3.53e-05,3.45e-05,3.5e-05,3.72694749
2015-06-09,3.4899999999999995e-05,3.55e-05,3.44e-05,3.48e-05,15.67544995
2015-06-10,3.46e-05,3.5600000000000005e-05,3.4200000000000005e-05,3.5e-05,30.19581879
2015-06-11,3.48e-05,3.54e-05,3.43e-05,3.510000000000001e-05,9.43975195
2015-06-12,3.45e-05,3.5e-05,3.4e-05,3.48e-05,10.61556075
2015-06-13,3.4899999999999995e-05,3.5e-05,3.4200000000000005e-05,3.4899999999999995e-05,5.12681111
2015-06-14,3.5e-05,3.510000000000001e-05,3.4200000000000005e-05,3.47e-05,8.24651
2015-06-15,3.7e-05,3.74e-05,3.4200000000000005e-05,3.4899999999999995e-05,24.7722365
2015-06-16,3.69e-05,4.14e-05,3.67e-05,3.7e-05,55.47763810000001
2015-06-17,3.96e-05,4e-05,3.69e-05,3.71e-05,26.72523033
2015-06-18,4.1e-05,4.17e-05,3.67e-05,3.91e-05,78.66365425
2015-06-19,4.6e-05,4.69e-05,4.09e-05,4.120000000000001e-05,57.7206269
2015-06-20,4.41e-05,4.6e-05,4.320000000000001e-05,4.58e-05,45.58172828
2015-06-21,4.14e-05,4.49e-05,3.98e-05,4.370000000000001e-05,21.20808963
2015-06-22,4.28e-05,4.28e-05,4.02e-05,4.11e-05,41.67876473
2015-06-23,4.31e-05,4.52e-05,4.13e-05,4.25e-05,56.80373883
2015-06-24,4.53e-05,8.1e-05,4.2700000000000015e-05,4.34e-05,82.5745598
2015-06-25,4.53e-05,4.8e-05,4.4299999999999986e-05,4.53e-05,18.82057686
2015-06-26,4.69e-05,4.93e-05,4.42e-05,4.53e-05,108.4442752
2015-06-27,4.56e-05,4.89e-05,4.48e-05,4.7e-05,17.40378044
2015-06-28,4.67e-05,4.67e-05,4.4299999999999986e-05,4.52e-05,19.2556158
2015-06-29,4.55e-05,4.83e-05,4.48e-05,4.69e-05,53.42573981
2015-06-30,4.06e-05,4.6e-05,4.01e-05,4.53e-05,38.77991593
2015-07-01,4.23e-05,4.35e-05,4.04e-05,4.05e-05,28.06578394
2015-07-02,4.22e-05,4.34e-05,4.19e-05,4.2e-05,17.65247575
2015-07-03,4.26e-05,4.34e-05,4.2e-05,4.22e-05,8.15666412
2015-07-04,4.03e-05,4.41e-05,4.03e-05,4.24e-05,22.64358044
2015-07-05,3.5700000000000014e-05,4.03e-05,3.47e-05,4.03e-05,63.36885419
2015-07-06,3.510000000000001e-05,3.79e-05,3.3799999999999995e-05,3.63e-05,51.40848438
2015-07-07,3.510000000000001e-05,3.63e-05,3.41e-05,3.4899999999999995e-05,42.83678579
2015-07-08,3.28e-05,3.66e-05,3.28e-05,3.510000000000001e-05,167.3260727
2015-07-09,3.19e-05,3.53e-05,3.1e-05,3.3600000000000004e-05,117.28140159999998
2015-07-10,2.97e-05,3.5e-05,2.84e-05,3.17e-05,116.2249666
2015-07-11,2.9e-05,3.02e-05,2.8000000000000013e-05,2.99e-05,83.48656612
2015-07-12,2.77e-05,2.92e-05,2.67e-05,2.9e-05,26.87142971
2015-07-13,2.87e-05,3.07e-05,2.64e-05,2.72e-05,34.14512555
2015-07-14,2.92e-05,3.03e-05,2.8000000000000013e-05,2.88e-05,104.5392656
2015-07-15,2.9600000000000005e-05,3.08e-05,2.87e-05,2.92e-05,73.59285971
2015-07-16,2.87e-05,2.97e-05,2.79e-05,2.9600000000000005e-05,41.78992452
2015-07-17,2.9e-05,2.9600000000000005e-05,2.85e-05,2.87e-05,14.99650656
2015-07-18,2.9e-05,2.95e-05,2.860000000000001e-05,2.9e-05,3.49286286
2015-07-19,2.94e-05,3.01e-05,2.9e-05,2.9e-05,22.6844715
2015-07-20,2.860000000000001e-05,3.04e-05,2.860000000000001e-05,2.97e-05,11.49810494
2015-07-21,2.8000000000000013e-05,2.89e-05,2.71e-05,2.860000000000001e-05,84.84508185
2015-07-22,2.77e-05,2.87e-05,2.730000000000001e-05,2.8000000000000013e-05,12.61040899
2015-07-23,2.77e-05,2.78e-05,2.71e-05,2.77e-05,8.65042684
2015-07-24,2.68e-05,2.7600000000000014e-05,2.65e-05,2.7600000000000014e-05,26.49761949
2015-07-25,2.7600000000000014e-05,2.78e-05,2.65e-05,2.68e-05,20.86421179
2015-07-26,2.84e-05,2.88e-05,2.69e-05,2.77e-05,17.49684946
2015-07-27,2.9100000000000013e-05,3.02e-05,2.8000000000000013e-05,2.84e-05,56.54196815
2015-07-28,2.8300000000000014e-05,2.95e-05,2.8000000000000013e-05,2.94e-05,7.59455116
2015-07-29,2.9100000000000013e-05,2.9100000000000013e-05,2.81e-05,2.860000000000001e-05,3.43573335
2015-07-30,2.93e-05,2.97e-05,2.81e-05,2.9e-05,19.0913669
2015-07-31,2.89e-05,2.99e-05,2.89e-05,2.93e-05,12.65945291
2015-08-01,2.85e-05,3.01e-05,2.8000000000000013e-05,2.9e-05,32.33180147
2015-08-02,2.9100000000000013e-05,2.95e-05,2.860000000000001e-05,2.87e-05,8.19522123
2015-08-03,2.89e-05,2.9600000000000005e-05,2.860000000000001e-05,2.92e-05,19.930501100000004
2015-08-04,2.9e-05,2.95e-05,2.87e-05,2.88e-05,15.45998555
2015-08-05,2.9e-05,2.95e-05,2.82e-05,2.9e-05,48.07926355
2015-08-06,2.82e-05,2.9100000000000013e-05,2.8000000000000013e-05,2.9e-05,20.68488457
2015-08-07,2.89e-05,2.92e-05,2.8000000000000013e-05,2.82e-05,23.15651979
2015-08-08,3.2200000000000003e-05,3.35e-05,2.85e-05,2.88e-05,86.42807562
2015-08-09,3.33e-05,3.4e-05,3.16e-05,3.2200000000000003e-05,40.70522887
2015-08-10,3.24e-05,3.46e-05,3.21e-05,3.32e-05,23.674878
2015-08-11,3.08e-05,3.32e-05,3.03e-05,3.2299999999999986e-05,58.66939439
2015-08-12,3e-05,3.12e-05,2.94e-05,3.06e-05,74.80583746
2015-08-13,3.06e-05,3.2e-05,2.97e-05,3.01e-05,50.49631557
2015-08-14,3.1e-05,3.15e-05,2.97e-05,3.05e-05,91.10271099
2015-08-15,3.13e-05,3.17e-05,2.98e-05,3.12e-05,33.67800787
2015-08-16,3.1e-05,3.27e-05,2.98e-05,3.1e-05,76.44589015
2015-08-17,3.13e-05,3.2e-05,2.95e-05,3.05e-05,134.77559
2015-08-18,3.24e-05,3.28e-05,3.11e-05,3.14e-05,63.27423173
2015-08-19,3.3e-05,3.81e-05,3.21e-05,3.2500000000000004e-05,83.28910366
2015-08-20,3.33e-05,3.33e-05,3.16e-05,3.3e-05,88.39514714
2015-08-21,3.34e-05,3.43e-05,3.2500000000000004e-05,3.33e-05,55.5453846
2015-08-22,3.3100000000000005e-05,3.37e-05,3.3e-05,3.34e-05,22.20033972
2015-08-23,3.2500000000000004e-05,3.3100000000000005e-05,3.2200000000000003e-05,3.3100000000000005e-05,24.80026963
2015-08-24,3.37e-05,3.41e-05,3.2500000000000004e-05,3.2500000000000004e-05,37.21661953
2015-08-25,3.24e-05,3.5e-05,3.17e-05,3.39e-05,29.68026855
2015-08-26,3.2299999999999986e-05,3.4200000000000005e-05,3.15e-05,3.2200000000000003e-05,24.52153555
2015-08-27,3.3e-05,3.33e-05,3.2200000000000003e-05,3.24e-05,18.35947387
2015-08-28,3.2200000000000003e-05,3.35e-05,3.2e-05,3.3100000000000005e-05,33.36961428
2015-08-29,3.37e-05,3.39e-05,3.1e-05,3.2e-05,29.69107985
2015-08-30,3.43e-05,3.47e-05,3.34e-05,3.35e-05,33.43978309
2015-08-31,3.32e-05,3.5e-05,3.2e-05,3.43e-05,113.8318294
2015-09-01,3.43e-05,3.510000000000001e-05,3.3100000000000005e-05,3.3100000000000005e-05,21.91756109
2015-09-02,3.35e-05,3.45e-05,3.2899999999999987e-05,3.43e-05,17.62574512
2015-09-03,3.32e-05,3.4e-05,3.2899999999999987e-05,3.32e-05,23.25394648
2015-09-04,3.3100000000000005e-05,3.4200000000000005e-05,3.21e-05,3.33e-05,19.73608333
2015-09-05,3.19e-05,3.43e-05,3.17e-05,3.3100000000000005e-05,49.43747601
2015-09-06,3.2299999999999986e-05,3.27e-05,3.15e-05,3.19e-05,25.44944203
2015-09-07,3.19e-05,3.26e-05,3.16e-05,3.2299999999999986e-05,8.85360546
2015-09-08,3.19e-05,3.34e-05,3.15e-05,3.2e-05,15.82696416
2015-09-09,3.16e-05,3.2e-05,3.1e-05,3.19e-05,13.33523114
2015-09-10,3.17e-05,3.2299999999999986e-05,3.12e-05,3.18e-05,10.67473306
2015-09-11,3.17e-05,3.18e-05,3.01e-05,3.17e-05,16.69675603
2015-09-12,3.17e-05,3.24e-05,3.06e-05,3.15e-05,19.17197935
2015-09-13,3.2899999999999987e-05,3.3e-05,3.17e-05,3.17e-05,25.43620613
2015-09-14,3.17e-05,3.3799999999999995e-05,3.13e-05,3.2899999999999987e-05,27.86180255
2015-09-15,3.2299999999999986e-05,3.4e-05,3.14e-05,3.18e-05,65.09888293
2015-09-16,3.15e-05,3.3e-05,3.14e-05,3.2200000000000003e-05,41.11052424
2015-09-17,3.13e-05,3.19e-05,3.12e-05,3.15e-05,41.47405664
2015-09-18,3.13e-05,3.21e-05,3.12e-05,3.17e-05,16.91680582
2015-09-19,3.15e-05,3.2200000000000003e-05,3.06e-05,3.13e-05,12.79224798
2015-09-20,3.09e-05,3.19e-05,3.05e-05,3.15e-05,15.79516588
2015-09-21,3.15e-05,3.2e-05,3.07e-05,3.12e-05,7.03127982
2015-09-22,3.09e-05,3.2e-05,3.05e-05,3.15e-05,21.85879456
2015-09-23,2.81e-05,3.11e-05,2.78e-05,3.09e-05,45.49563423
2015-09-24,2.79e-05,2.99e-05,2.7e-05,2.82e-05,49.02057046
2015-09-25,2.8300000000000014e-05,2.88e-05,2.77e-05,2.8000000000000013e-05,8.87168674
2015-09-26,2.7399999999999995e-05,2.85e-05,2.7e-05,2.82e-05,26.71972781
2015-09-27,2.7600000000000014e-05,2.81e-05,2.71e-05,2.7399999999999995e-05,7.97574314
2015-09-28,2.5e-05,2.81e-05,2.45e-05,2.77e-05,59.8938912
2015-09-29,2.19e-05,2.62e-05,2.1e-05,2.51e-05,148.93606509999995
2015-09-30,2.37e-05,2.45e-05,2.14e-05,2.15e-05,105.74663970000002
2015-10-01,2.28e-05,2.39e-05,2.22e-05,2.36e-05,56.85238799
2015-10-02,2.45e-05,2.51e-05,2.24e-05,2.28e-05,54.79386028
2015-10-03,2.27e-05,2.45e-05,2.21e-05,2.45e-05,38.05427892
2015-10-04,2.12e-05,2.26e-05,2.04e-05,2.23e-05,37.66136066
2015-10-05,2.03e-05,2.2e-05,2e-05,2.12e-05,79.13666536
2015-10-06,2.17e-05,2.32e-05,2.03e-05,2.03e-05,116.0027963
2015-10-07,2.1e-05,2.22e-05,2.09e-05,2.17e-05,28.649466
2015-10-08,1.97e-05,2.13e-05,1.93e-05,2.09e-05,75.04892436
2015-10-09,2.09e-05,2.21e-05,1.93e-05,1.97e-05,173.64269309999997
2015-10-10,2.05e-05,2.09e-05,2e-05,2.08e-05,52.49210949
2015-10-11,2.09e-05,2.13e-05,2.01e-05,2.04e-05,37.00076179
2015-10-12,2.1600000000000007e-05,2.24e-05,2.0600000000000006e-05,2.09e-05,49.85215085
2015-10-13,2.12e-05,2.2e-05,2.0600000000000006e-05,2.1600000000000007e-05,80.34207555
2015-10-14,2.05e-05,2.17e-05,2.05e-05,2.12e-05,27.14800779
2015-10-15,2.12e-05,2.15e-05,2.05e-05,2.1e-05,42.1029721
2015-10-16,2.02e-05,2.12e-05,1.97e-05,2.1e-05,54.52921898
2015-10-17,1.89e-05,2.03e-05,1.86e-05,2.01e-05,54.48683163
2015-10-18,1.9e-05,1.97e-05,1.8e-05,1.88e-05,67.34761102
2015-10-19,1.89e-05,2e-05,1.86e-05,1.89e-05,66.97923838
2015-10-20,1.73e-05,1.9e-05,1.6899999999999994e-05,1.89e-05,58.72962893
2015-10-21,1.74e-05,1.8e-05,1.6899999999999994e-05,1.76e-05,41.03697371
2015-10-22,1.73e-05,1.75e-05,1.6800000000000002e-05,1.74e-05,32.86395064
2015-10-23,1.65e-05,1.77e-05,1.64e-05,1.73e-05,34.21113338
2015-10-24,1.65e-05,1.7e-05,1.64e-05,1.66e-05,21.49382013
2015-10-25,1.58e-05,1.66e-05,1.52e-05,1.65e-05,30.74878834
2015-10-26,1.6100000000000002e-05,1.67e-05,1.57e-05,1.57e-05,31.14085108
2015-10-27,1.57e-05,1.65e-05,1.52e-05,1.6e-05,52.77426559999999
2015-10-28,1.53e-05,1.58e-05,1.4800000000000002e-05,1.57e-05,40.67859217
2015-10-29,1.42e-05,1.58e-05,1.42e-05,1.53e-05,39.84329743
2015-10-30,1.42e-05,1.49e-05,1.39e-05,1.46e-05,64.0629252
2015-10-31,1.4800000000000002e-05,1.57e-05,1.41e-05,1.44e-05,81.21006055
2015-11-01,1.49e-05,1.56e-05,1.46e-05,1.4800000000000002e-05,94.30481337
2015-11-02,1.3699999999999998e-05,1.52e-05,1.35e-05,1.49e-05,73.97329291
2015-11-03,1.32e-05,1.42e-05,1.26e-05,1.39e-05,43.93873078
2015-11-04,1.11e-05,1.32e-05,9.89e-06,1.31e-05,100.7447272
2015-11-05,1.14e-05,1.16e-05,1.03e-05,1.11e-05,67.46758129999999
2015-11-06,1.2e-05,1.29e-05,1.14e-05,1.15e-05,55.0793585
2015-11-07,1.2e-05,1.23e-05,1.18e-05,1.2e-05,17.71900534
2015-11-08,1.22e-05,1.23e-05,1.17e-05,1.21e-05,21.326226100000003
2015-11-09,1.19e-05,1.24e-05,1.16e-05,1.21e-05,13.61436744
2015-11-10,1.33e-05,1.36e-05,1.17e-05,1.17e-05,26.3188997
2015-11-11,1.3699999999999998e-05,1.39e-05,1.28e-05,1.31e-05,43.25602519
2015-11-12,1.3e-05,1.47e-05,1.16e-05,1.3800000000000007e-05,76.70495714
2015-11-13,1.31e-05,1.36e-05,1.29e-05,1.3e-05,28.6047992
2015-11-14,1.31e-05,1.33e-05,1.28e-05,1.31e-05,10.57895922
2015-11-15,1.3e-05,1.34e-05,1.26e-05,1.3e-05,13.45002932
2015-11-16,1.27e-05,1.33e-05,1.27e-05,1.3e-05,11.08341515
2015-11-17,1.25e-05,1.3e-05,1.23e-05,1.29e-05,17.84208767
2015-11-18,1.26e-05,1.29e-05,1.25e-05,1.26e-05,3.51506659
2015-11-19,1.28e-05,1.31e-05,1.24e-05,1.28e-05,5.68755172
2015-11-20,1.31e-05,1.39e-05,1.28e-05,1.28e-05,47.9591097
2015-11-21,1.32e-05,1.34e-05,1.29e-05,1.31e-05,9.91908585
2015-11-22,1.32e-05,1.33e-05,1.3e-05,1.32e-05,2.48495461
2015-11-23,1.32e-05,1.34e-05,1.3e-05,1.32e-05,12.40598171
2015-11-24,1.34e-05,1.35e-05,1.28e-05,1.32e-05,13.81447615
2015-11-25,1.31e-05,1.34e-05,1.29e-05,1.34e-05,11.22983294
2015-11-26,1.19e-05,1.31e-05,1.18e-05,1.31e-05,42.80551949
2015-11-27,1.17e-05,1.2e-05,1.16e-05,1.19e-05,10.81942568
2015-11-28,1.19e-05,1.22e-05,1.17e-05,1.17e-05,21.05399138
2015-11-29,1.16e-05,1.2e-05,1.13e-05,1.18e-05,16.09149499
2015-11-30,1.11e-05,1.16e-05,1.0800000000000003e-05,1.14e-05,19.95539696
2015-12-01,1.12e-05,1.14e-05,1.0800000000000003e-05,1.11e-05,12.75082419
2015-12-02,1.17e-05,1.19e-05,1.13e-05,1.13e-05,10.43195526
2015-12-03,1.2e-05,1.24e-05,1.14e-05,1.17e-05,9.12660671
2015-12-04,1.34e-05,1.4499999999999993e-05,1.18e-05,1.18e-05,31.06936709
2015-12-05,1.33e-05,1.4499999999999993e-05,1.32e-05,1.32e-05,25.03281824
2015-12-06,1.36e-05,1.4300000000000005e-05,1.21e-05,1.33e-05,47.12676132
2015-12-07,1.42e-05,1.46e-05,1.32e-05,1.3800000000000007e-05,48.5184927
2015-12-08,1.6800000000000002e-05,1.97e-05,1.42e-05,1.44e-05,333.4350265
2015-12-09,2.0600000000000006e-05,2.51e-05,1.64e-05,1.67e-05,583.8652734
2015-12-10,1.87e-05,2.380000000000001e-05,1.77e-05,2e-05,484.7686549
2015-12-11,1.9e-05,2.08e-05,1.64e-05,1.82e-05,348.512687
2015-12-12,1.98e-05,2.08e-05,1.8100000000000006e-05,1.93e-05,162.9905995
2015-12-13,1.97e-05,2.09e-05,1.88e-05,1.98e-05,133.9010231
2015-12-14,1.5e-05,2.03e-05,1.41e-05,1.96e-05,418.8111691
2015-12-15,1.29e-05,1.6e-05,1.21e-05,1.49e-05,452.9435429
2015-12-16,1.47e-05,1.56e-05,1.25e-05,1.32e-05,248.8410214
2015-12-17,1.44e-05,1.52e-05,1.41e-05,1.4800000000000002e-05,122.7472642
2015-12-18,1.36e-05,1.49e-05,1.29e-05,1.4300000000000005e-05,147.0121708
2015-12-19,1.33e-05,1.4e-05,1.32e-05,1.35e-05,50.6541156
2015-12-20,1.3800000000000007e-05,1.4499999999999993e-05,1.3e-05,1.33e-05,103.1507334
2015-12-21,1.3800000000000007e-05,1.44e-05,1.35e-05,1.39e-05,50.6945777
2015-12-22,1.3800000000000007e-05,1.4300000000000005e-05,1.35e-05,1.3800000000000007e-05,22.72875144
2015-12-23,1.33e-05,1.39e-05,1.29e-05,1.39e-05,55.13208522
2015-12-24,1.31e-05,1.36e-05,1.29e-05,1.32e-05,23.26730181
2015-12-25,1.4499999999999993e-05,1.47e-05,1.3e-05,1.32e-05,72.01244997
2015-12-26,1.4499999999999993e-05,1.52e-05,1.3800000000000007e-05,1.44e-05,59.11848408
2015-12-27,1.51e-05,1.5399999999999998e-05,1.4499999999999993e-05,1.4499999999999993e-05,58.22383208
2015-12-28,1.5e-05,1.5399999999999998e-05,1.47e-05,1.5e-05,28.74728581
2015-12-29,1.42e-05,1.52e-05,1.39e-05,1.51e-05,56.06623183
2015-12-30,1.44e-05,1.47e-05,1.4e-05,1.42e-05,34.47992725
2015-12-31,1.39e-05,1.4800000000000002e-05,1.3800000000000007e-05,1.44e-05,25.99034573
2016-01-01,1.3699999999999998e-05,1.39e-05,1.36e-05,1.3800000000000007e-05,8.68516649
2016-01-02,1.39e-05,1.4300000000000005e-05,1.35e-05,1.36e-05,17.56639234
2016-01-03,1.3800000000000007e-05,1.42e-05,1.3800000000000007e-05,1.4e-05,18.28112238
2016-01-04,1.3699999999999998e-05,1.41e-05,1.3699999999999998e-05,1.3699999999999998e-05,14.22645657
2016-01-05,1.4e-05,1.41e-05,1.36e-05,1.3699999999999998e-05,20.84520754
2016-01-06,1.3800000000000007e-05,1.4e-05,1.3699999999999998e-05,1.4e-05,19.24578898
2016-01-07,1.3e-05,1.39e-05,1.2e-05,1.39e-05,66.46512582
2016-01-08,1.28e-05,1.33e-05,1.27e-05,1.29e-05,21.08101301
2016-01-09,1.33e-05,1.4e-05,1.3e-05,1.31e-05,29.59016593
2016-01-10,1.33e-05,1.36e-05,1.32e-05,1.33e-05,17.12181437
2016-01-11,1.3e-05,1.33e-05,1.3e-05,1.32e-05,9.14907884
2016-01-12,1.32e-05,1.34e-05,1.29e-05,1.3e-05,23.13343676
2016-01-13,1.32e-05,1.36e-05,1.29e-05,1.33e-05,26.30451774
2016-01-14,1.31e-05,1.33e-05,1.27e-05,1.32e-05,40.51202468
2016-01-15,1.39e-05,1.4e-05,1.29e-05,1.3e-05,48.17146734
2016-01-16,1.29e-05,1.41e-05,1.29e-05,1.39e-05,48.5868749
2016-01-17,1.39e-05,1.4499999999999993e-05,1.28e-05,1.3e-05,64.06191884
2016-01-18,1.3699999999999998e-05,1.4300000000000005e-05,1.35e-05,1.4e-05,23.65659359
2016-01-19,1.3800000000000007e-05,1.4e-05,1.36e-05,1.3699999999999998e-05,11.80407803
2016-01-20,1.29e-05,1.4e-05,1.28e-05,1.3800000000000007e-05,27.97428177
2016-01-21,1.28e-05,1.31e-05,1.26e-05,1.29e-05,17.32192309
2016-01-22,1.33e-05,1.3699999999999998e-05,1.26e-05,1.28e-05,31.37558029
2016-01-23,1.31e-05,1.35e-05,1.27e-05,1.33e-05,30.35267471
2016-01-24,1.26e-05,1.32e-05,1.24e-05,1.31e-05,41.17969213
2016-01-25,1.3e-05,1.31e-05,1.24e-05,1.26e-05,60.43271289
2016-01-26,1.39e-05,1.47e-05,1.27e-05,1.3e-05,111.0144999
2016-01-27,1.7199999999999998e-05,1.82e-05,1.3800000000000007e-05,1.39e-05,239.5319931
2016-01-28,1.6100000000000002e-05,1.7e-05,1.4800000000000002e-05,1.7e-05,212.5952416
2016-01-29,1.82e-05,2.22e-05,1.58e-05,1.6100000000000002e-05,784.9302109
2016-01-30,1.6800000000000002e-05,1.88e-05,1.65e-05,1.83e-05,264.1214044
2016-01-31,1.74e-05,1.74e-05,1.5399999999999998e-05,1.73e-05,174.9408767
2016-02-01,1.77e-05,1.8100000000000006e-05,1.6899999999999994e-05,1.74e-05,136.3906353
2016-02-02,1.8100000000000006e-05,1.86e-05,1.7199999999999998e-05,1.77e-05,227.8682257
2016-02-03,1.86e-05,1.86e-05,1.7800000000000002e-05,1.8100000000000006e-05,109.1246923
2016-02-04,1.76e-05,1.86e-05,1.73e-05,1.86e-05,146.31295269999995
2016-02-05,1.9e-05,1.94e-05,1.7100000000000002e-05,1.74e-05,217.1660336
2016-02-06,2.1600000000000007e-05,2.23e-05,1.88e-05,1.92e-05,569.1269122
2016-02-07,2.0600000000000006e-05,2.43e-05,2e-05,2.17e-05,930.2618213
2016-02-08,2.03e-05,2.25e-05,1.97e-05,2.09e-05,347.45924239999994
2016-02-09,2.04e-05,2.1e-05,1.98e-05,2.02e-05,220.93276200000003
2016-02-10,2.01e-05,2.15e-05,1.98e-05,2.03e-05,278.7455688
2016-02-11,2.04e-05,2.15e-05,1.97e-05,2.01e-05,276.4355456
2016-02-12,2.04e-05,2.07e-05,1.93e-05,2.05e-05,285.2237414
2016-02-13,2.09e-05,2.15e-05,1.98e-05,2.04e-05,195.0180976
2016-02-14,2.11e-05,2.23e-05,2.04e-05,2.09e-05,299.5290603
2016-02-15,2.09e-05,2.13e-05,2.0600000000000006e-05,2.1e-05,64.97876778
2016-02-16,2.03e-05,2.11e-05,1.93e-05,2.09e-05,213.0856107
2016-02-17,1.87e-05,2.05e-05,1.74e-05,2.03e-05,395.6557292
2016-02-18,1.89e-05,1.98e-05,1.77e-05,1.87e-05,144.4625361
2016-02-19,1.95e-05,1.98e-05,1.85e-05,1.9e-05,80.33588815
2016-02-20,1.83e-05,1.96e-05,1.7800000000000002e-05,1.95e-05,81.80138070000002
2016-02-21,1.82e-05,1.86e-05,1.77e-05,1.83e-05,47.52947252
2016-02-22,1.82e-05,1.88e-05,1.77e-05,1.82e-05,88.28994351
2016-02-23,1.89e-05,1.96e-05,1.77e-05,1.84e-05,120.6102701
2016-02-24,1.9e-05,1.96e-05,1.87e-05,1.89e-05,81.71079776
2016-02-25,1.91e-05,2.03e-05,1.88e-05,1.9e-05,110.5809232
2016-02-26,1.85e-05,1.95e-05,1.85e-05,1.91e-05,109.9119192
2016-02-27,1.83e-05,1.87e-05,1.8e-05,1.86e-05,75.86060924
2016-02-28,1.7899999999999998e-05,1.86e-05,1.7800000000000002e-05,1.83e-05,97.02204359
2016-02-29,1.82e-05,1.87e-05,1.7199999999999998e-05,1.8100000000000006e-05,255.2934575
2016-03-01,1.85e-05,1.89e-05,1.7899999999999998e-05,1.83e-05,230.653453
2016-03-02,1.88e-05,1.9e-05,1.7800000000000002e-05,1.85e-05,139.3049737
2016-03-03,1.9e-05,2e-05,1.85e-05,1.88e-05,372.0862819
2016-03-04,1.98e-05,2.1e-05,1.88e-05,1.89e-05,316.0932925
2016-03-05,1.9e-05,2.07e-05,1.8e-05,1.99e-05,486.337334
2016-03-06,1.9e-05,1.94e-05,1.8100000000000006e-05,1.9e-05,232.2105691
2016-03-07,1.89e-05,1.94e-05,1.84e-05,1.9e-05,190.1719434
2016-03-08,1.92e-05,1.95e-05,1.83e-05,1.88e-05,209.8999309
2016-03-09,1.93e-05,1.96e-05,1.88e-05,1.92e-05,77.107375
2016-03-10,1.96e-05,2.03e-05,1.88e-05,1.92e-05,422.134895
2016-03-11,2.08e-05,2.32e-05,1.98e-05,1.98e-05,720.4942162000001
2016-03-12,2.0600000000000006e-05,2.19e-05,1.95e-05,2.08e-05,668.5657822000003
2016-03-13,2.1e-05,2.1e-05,2e-05,2.0600000000000006e-05,290.6655502
2016-03-14,1.98e-05,2.1e-05,1.98e-05,2.08e-05,199.8457302
2016-03-15,1.97e-05,2.02e-05,1.6e-05,2e-05,357.0668501
2016-03-16,1.95e-05,2e-05,1.91e-05,1.96e-05,292.2365493000001
2016-03-17,1.96e-05,2.01e-05,1.93e-05,1.95e-05,235.2495035
2016-03-18,1.98e-05,2e-05,1.9e-05,1.95e-05,310.5913042
2016-03-19,1.95e-05,1.99e-05,1.9e-05,1.98e-05,216.0508634
2016-03-20,1.91e-05,1.95e-05,1.9e-05,1.95e-05,121.7621947
2016-03-21,1.94e-05,1.96e-05,1.9e-05,1.91e-05,80.84333087
2016-03-22,1.96e-05,1.98e-05,1.91e-05,1.96e-05,77.74078124
2016-03-23,2e-05,2.05e-05,1.91e-05,1.95e-05,131.42255
2016-03-24,1.95e-05,2.01e-05,1.92e-05,2e-05,127.1404908
2016-03-25,1.94e-05,1.98e-05,1.92e-05,1.97e-05,165.228583
2016-03-26,1.94e-05,1.97e-05,1.92e-05,1.94e-05,50.19170946
2016-03-27,1.86e-05,1.95e-05,1.82e-05,1.93e-05,175.265592
2016-03-28,1.74e-05,1.87e-05,1.6899999999999994e-05,1.86e-05,394.0060372
2016-03-29,1.8e-05,1.83e-05,1.7e-05,1.73e-05,243.7641096
2016-03-30,1.7199999999999998e-05,1.8100000000000006e-05,1.6899999999999994e-05,1.8e-05,260.5281909
2016-03-31,1.7899999999999998e-05,1.82e-05,1.7e-05,1.7199999999999998e-05,150.5835075
2016-04-01,1.76e-05,1.82e-05,1.74e-05,1.7899999999999998e-05,66.32616648
2016-04-02,1.7899999999999998e-05,1.8e-05,1.7199999999999998e-05,1.77e-05,59.82352432
2016-04-03,1.77e-05,1.8e-05,1.73e-05,1.7899999999999998e-05,42.96373457
2016-04-04,1.77e-05,1.7899999999999998e-05,1.75e-05,1.77e-05,57.97076081
2016-04-05,1.74e-05,1.77e-05,1.73e-05,1.76e-05,73.78464116
2016-04-06,1.6800000000000002e-05,1.75e-05,1.67e-05,1.74e-05,188.4291849
2016-04-07,1.6e-05,1.7100000000000002e-05,1.58e-05,1.6899999999999994e-05,245.6736148
2016-04-08,1.59e-05,1.62e-05,1.55e-05,1.6e-05,124.8368637
2016-04-09,1.4499999999999993e-05,1.6100000000000002e-05,1.44e-05,1.59e-05,145.131944
2016-04-10,1.41e-05,1.47e-05,1.34e-05,1.4499999999999993e-05,128.8614623
2016-04-11,1.41e-05,1.55e-05,1.36e-05,1.41e-05,117.2537967
2016-04-12,1.3800000000000007e-05,1.44e-05,1.34e-05,1.41e-05,142.0870993
2016-04-13,1.3699999999999998e-05,1.39e-05,1.32e-05,1.3800000000000007e-05,187.2373102
2016-04-14,1.4800000000000002e-05,1.51e-05,1.36e-05,1.3800000000000007e-05,212.8591204
2016-04-15,1.49e-05,1.5399999999999998e-05,1.4499999999999993e-05,1.49e-05,157.8964539
2016-04-16,1.53e-05,1.53e-05,1.4499999999999993e-05,1.4800000000000002e-05,78.43721943
2016-04-17,1.53e-05,1.55e-05,1.51e-05,1.52e-05,34.61379931
2016-04-18,1.65e-05,1.67e-05,1.52e-05,1.53e-05,190.6980359
2016-04-19,1.6e-05,1.67e-05,1.59e-05,1.64e-05,46.83425378
2016-04-20,1.67e-05,1.73e-05,1.56e-05,1.6e-05,214.4553571
2016-04-21,1.56e-05,1.73e-05,1.56e-05,1.66e-05,117.9537098
2016-04-22,1.65e-05,1.66e-05,1.55e-05,1.59e-05,57.09517879
2016-04-23,1.63e-05,1.67e-05,1.6e-05,1.65e-05,18.7624817
2016-04-24,1.56e-05,1.64e-05,1.55e-05,1.63e-05,54.98757895
2016-04-25,1.55e-05,1.6100000000000002e-05,1.46e-05,1.57e-05,64.7805077
2016-04-26,1.47e-05,1.56e-05,1.47e-05,1.56e-05,52.04267791
2016-04-27,1.46e-05,1.49e-05,1.4300000000000005e-05,1.47e-05,38.55910981
2016-04-28,1.4800000000000002e-05,1.53e-05,1.47e-05,1.4800000000000002e-05,37.89803517
2016-04-29,1.5e-05,1.51e-05,1.4499999999999993e-05,1.4800000000000002e-05,17.17839494
2016-04-30,1.51e-05,1.53e-05,1.4499999999999993e-05,1.5e-05,41.61129036
2016-05-01,1.4800000000000002e-05,1.5399999999999998e-05,1.4800000000000002e-05,1.5e-05,30.54076242
2016-05-02,1.49e-05,1.53e-05,1.46e-05,1.4800000000000002e-05,107.642888
2016-05-03,1.4300000000000005e-05,1.49e-05,1.4300000000000005e-05,1.49e-05,43.4281994
2016-05-04,1.4e-05,1.4499999999999993e-05,1.39e-05,1.4300000000000005e-05,69.7242679
2016-05-05,1.39e-05,1.4499999999999993e-05,1.35e-05,1.4e-05,64.43840732
2016-05-06,1.4e-05,1.46e-05,1.3800000000000007e-05,1.39e-05,94.87375985
2016-05-07,1.41e-05,1.4300000000000005e-05,1.39e-05,1.41e-05,32.85481499
2016-05-08,1.3800000000000007e-05,1.41e-05,1.3800000000000007e-05,1.41e-05,13.57292821
2016-05-09,1.39e-05,1.4e-05,1.3699999999999998e-05,1.39e-05,18.09580161
2016-05-10,1.3699999999999998e-05,1.4e-05,1.35e-05,1.39e-05,72.96343054
2016-05-11,1.35e-05,1.3699999999999998e-05,1.34e-05,1.3699999999999998e-05,38.11297671
2016-05-12,1.35e-05,1.3699999999999998e-05,1.34e-05,1.35e-05,23.88341077
2016-05-13,1.33e-05,1.36e-05,1.3e-05,1.35e-05,66.87046767
2016-05-14,1.34e-05,1.35e-05,1.3e-05,1.34e-05,59.13333663
2016-05-15,1.31e-05,1.34e-05,1.26e-05,1.34e-05,93.55867133
2016-05-16,1.31e-05,1.35e-05,1.28e-05,1.31e-05,36.669485
2016-05-17,1.3e-05,1.35e-05,1.3e-05,1.32e-05,44.17343774
2016-05-18,1.33e-05,1.33e-05,1.3e-05,1.3e-05,31.25487754
2016-05-19,1.39e-05,1.49e-05,1.31e-05,1.32e-05,161.7581824
2016-05-20,1.36e-05,1.41e-05,1.35e-05,1.4e-05,121.394306
2016-05-21,1.34e-05,1.3699999999999998e-05,1.33e-05,1.36e-05,27.02663435
2016-05-22,1.35e-05,1.3800000000000007e-05,1.32e-05,1.34e-05,51.89373143
2016-05-23,1.32e-05,1.36e-05,1.31e-05,1.35e-05,45.61528587
2016-05-24,1.3e-05,1.34e-05,1.29e-05,1.33e-05,56.54536857
2016-05-25,1.25e-05,1.31e-05,1.23e-05,1.3e-05,72.10328106
2016-05-26,1.26e-05,1.28e-05,1.21e-05,1.25e-05,100.1556596
2016-05-27,1.17e-05,1.34e-05,1.15e-05,1.27e-05,202.2252731
2016-05-28,1.03e-05,1.17e-05,1e-05,1.17e-05,105.2205447
2016-05-29,1.09e-05,1.11e-05,1.01e-05,1.03e-05,157.75581699999995
2016-05-30,1.07e-05,1.1e-05,1.04e-05,1.1e-05,79.33904088
2016-05-31,1.05e-05,1.09e-05,1.02e-05,1.07e-05,82.70092384
2016-06-01,1.0800000000000003e-05,1.1e-05,1.02e-05,1.05e-05,78.28673721
2016-06-02,1.06e-05,1.09e-05,1.04e-05,1.0800000000000003e-05,60.31429050000001
2016-06-03,1.02e-05,1.07e-05,1.01e-05,1.07e-05,67.85621921
2016-06-04,1e-05,1.03e-05,9.800000000000001e-06,1.02e-05,86.68272567
2016-06-05,1e-05,1.03e-05,9.83e-06,1e-05,49.03512531
2016-06-06,9.75e-06,1.01e-05,9.64e-06,1.01e-05,68.31752611
2016-06-07,1.01e-05,1.03e-05,9.6e-06,9.74e-06,73.79510354
2016-06-08,9.93e-06,1.01e-05,9.68e-06,1.01e-05,121.4896287
2016-06-09,1e-05,1.01e-05,9.79e-06,9.93e-06,79.69633432
2016-06-10,9.84e-06,1e-05,9.73e-06,1e-05,157.55057380000005
2016-06-11,9.44e-06,9.9e-06,9.42e-06,9.87e-06,53.91374599
2016-06-12,8.44e-06,9.43e-06,8.24e-06,9.43e-06,113.7065459
2016-06-13,8.33e-06,8.77e-06,7.75e-06,8.45e-06,198.3166481
2016-06-14,1.09e-05,1.98e-05,8.33e-06,8.33e-06,3931.852471
2016-06-15,9.46e-06,1.12e-05,9.12e-06,1.09e-05,755.9729345
2016-06-16,8.74e-06,9.52e-06,8.38e-06,9.46e-06,542.2619996000002
2016-06-17,8.75e-06,9.45e-06,8.48e-06,8.73e-06,551.1937459
2016-06-18,8.58e-06,9.16e-06,8.06e-06,8.75e-06,419.4668462
2016-06-19,8.86e-06,1.1e-05,8.44e-06,8.58e-06,622.3360767999999
2016-06-20,8.87e-06,9.15e-06,8.56e-06,8.88e-06,263.6463751
2016-06-21,8.81e-06,9.73e-06,8.65e-06,8.87e-06,459.9270197
2016-06-22,1.14e-05,1.3e-05,8.66e-06,8.85e-06,2656.747006
2016-06-23,1.01e-05,1.2e-05,9.42e-06,1.13e-05,1514.619186
2016-06-24,9.800000000000001e-06,1.05e-05,9.35e-06,1.01e-05,763.3033776000003
2016-06-25,9.55e-06,1e-05,9.2e-06,9.77e-06,335.6796753
2016-06-26,1.03e-05,1.05e-05,9.49e-06,9.55e-06,282.7447251000001
2016-06-27,9.76e-06,1.03e-05,9.66e-06,1.03e-05,289.4548057
2016-06-28,1.07e-05,1.18e-05,9.69e-06,9.75e-06,699.725972
2016-06-29,1.07e-05,1.14e-05,1.02e-05,1.07e-05,538.9467646
2016-06-30,9.82e-06,1.07e-05,9.65e-06,1.07e-05,414.3934742
2016-07-01,1.01e-05,1.07e-05,9.65e-06,9.800000000000001e-06,318.0993557
2016-07-02,9.4e-06,1.02e-05,9.29e-06,1.01e-05,241.10480440000003
2016-07-03,1e-05,1.02e-05,9.26e-06,9.4e-06,160.7344884
2016-07-04,9.88e-06,1.03e-05,9.71e-06,1e-05,273.1956074
2016-07-05,9.81e-06,1e-05,9.63e-06,9.85e-06,174.0339859
2016-07-06,9.55e-06,1.01e-05,9.52e-06,9.87e-06,155.4638606
2016-07-07,1.02e-05,1.03e-05,9.35e-06,9.56e-06,287.941709
2016-07-08,9.97e-06,1.03e-05,9.87e-06,1.02e-05,131.63786470000002
2016-07-09,1e-05,1.01e-05,9.75e-06,9.97e-06,131.1533092
2016-07-10,1e-05,1.01e-05,9.73e-06,1e-05,147.7179582
2016-07-11,9.66e-06,1.01e-05,9.56e-06,1e-05,242.1240895
2016-07-12,9.52e-06,9.82e-06,9.44e-06,9.66e-06,260.2526579
2016-07-13,9.76e-06,9.88e-06,9.52e-06,9.52e-06,122.7948568
2016-07-14,9.699999999999999e-06,9.85e-06,9.6e-06,9.74e-06,136.02470459999998
2016-07-15,9.77e-06,9.85e-06,9.53e-06,9.699999999999999e-06,174.4251724
2016-07-16,1.01e-05,1.02e-05,9.73e-06,9.77e-06,263.7534804
2016-07-17,9.64e-06,1.02e-05,9.54e-06,1.01e-05,183.6148803
2016-07-18,9.68e-06,9.800000000000001e-06,9.52e-06,9.64e-06,84.46185393
2016-07-19,9.52e-06,9.78e-06,9.5e-06,9.65e-06,137.8413465
2016-07-20,9.59e-06,9.67e-06,9.31e-06,9.51e-06,144.9604977
2016-07-21,9.73e-06,9.79e-06,9.42e-06,9.57e-06,130.011903
2016-07-22,9.63e-06,9.84e-06,9.54e-06,9.74e-06,166.7975171
2016-07-23,9.77e-06,9.84e-06,9.55e-06,9.67e-06,126.0632514
2016-07-24,9.52e-06,9.84e-06,9.44e-06,9.77e-06,196.0789853
2016-07-25,9.38e-06,9.61e-06,9.2e-06,9.55e-06,162.5383165
2016-07-26,9.04e-06,9.46e-06,8.8e-06,9.35e-06,420.05359060000006
2016-07-27,8.99e-06,9.52e-06,8.88e-06,9.04e-06,185.6269939
2016-07-28,9.08e-06,9.08e-06,8.93e-06,8.99e-06,33.44328732
2016-07-29,9.28e-06,9.42e-06,9.05e-06,9.08e-06,81.03448762
2016-07-30,9.28e-06,9.42e-06,9.24e-06,9.28e-06,71.69083344
2016-07-31,9.35e-06,9.51e-06,9.19e-06,9.27e-06,116.0908692
2016-08-01,9.63e-06,9.63e-06,9.17e-06,9.36e-06,176.3006875
2016-08-02,1.01e-05,1.04e-05,9.41e-06,9.63e-06,379.6827623
2016-08-03,9.94e-06,1.06e-05,9.39e-06,1.01e-05,349.41322610000014
2016-08-04,1.02e-05,1.03e-05,9.76e-06,9.88e-06,183.4237982
2016-08-05,1.04e-05,1.0800000000000003e-05,1e-05,1.02e-05,199.3905247
2016-08-06,1.1e-05,1.27e-05,1.04e-05,1.04e-05,1096.796114
2016-08-07,1.04e-05,1.1e-05,1.01e-05,1.1e-05,394.6998024
2016-08-08,1.01e-05,1.06e-05,9.89e-06,1.04e-05,222.8065465
2016-08-09,1.06e-05,1.1e-05,1e-05,1.01e-05,473.5552251
2016-08-10,1.05e-05,1.0800000000000003e-05,1.01e-05,1.06e-05,356.1573806
2016-08-11,1.05e-05,1.07e-05,1.02e-05,1.06e-05,152.08404869999995
2016-08-12,1.04e-05,1.05e-05,1.02e-05,1.05e-05,136.9688172
2016-08-13,1.05e-05,1.07e-05,1.03e-05,1.04e-05,134.9953244
2016-08-14,1.05e-05,1.06e-05,1.01e-05,1.05e-05,194.9643074
2016-08-15,1.0800000000000003e-05,1.1e-05,1.03e-05,1.05e-05,192.7533434
2016-08-16,1.07e-05,1.1e-05,1.05e-05,1.0800000000000003e-05,411.9722498
2016-08-17,1.05e-05,1.07e-05,1.04e-05,1.07e-05,146.47019740000005
2016-08-18,1.06e-05,1.0800000000000003e-05,1.03e-05,1.05e-05,198.380719
2016-08-19,1.07e-05,1.15e-05,1.04e-05,1.06e-05,667.9968529
2016-08-20,1.06e-05,1.07e-05,1.04e-05,1.07e-05,149.4993467
2016-08-21,1.04e-05,1.06e-05,1.01e-05,1.05e-05,208.066518
2016-08-22,1.02e-05,1.05e-05,9.5e-06,1.04e-05,370.923957
2016-08-23,1.04e-05,1.05e-05,9.94e-06,1.02e-05,398.7978962
2016-08-24,1.05e-05,1.0800000000000003e-05,1.03e-05,1.04e-05,525.7591211
2016-08-25,1.05e-05,1.07e-05,1.04e-05,1.05e-05,267.2570536
2016-08-26,1.04e-05,1.07e-05,1.02e-05,1.06e-05,300.7456878
2016-08-27,1.04e-05,1.05e-05,1.03e-05,1.04e-05,86.9946575
2016-08-28,1.04e-05,1.06e-05,1.03e-05,1.04e-05,234.7194693
2016-08-29,1.09e-05,1.13e-05,1.02e-05,1.04e-05,867.1967943
2016-08-30,1.04e-05,1.1e-05,1.02e-05,1.09e-05,530.3155019999998
2016-08-31,1.04e-05,1.06e-05,1.02e-05,1.04e-05,435.3694493
2016-09-01,1.04e-05,1.05e-05,1.02e-05,1.05e-05,247.0739957
2016-09-02,1.03e-05,1.05e-05,1.02e-05,1.03e-05,153.75797509999995
2016-09-03,9.94e-06,1.03e-05,9.800000000000001e-06,1.03e-05,311.0626171
2016-09-04,9.82e-06,1.02e-05,9.51e-06,9.94e-06,432.48459850000006
2016-09-05,9.77e-06,9.97e-06,9.61e-06,9.79e-06,319.5043965
2016-09-06,9.56e-06,9.9e-06,9.39e-06,9.78e-06,261.896115
2016-09-07,9.53e-06,9.74e-06,9.5e-06,9.56e-06,225.5897793
2016-09-08,9.4e-06,9.75e-06,9.35e-06,9.52e-06,166.1311186
2016-09-09,9.51e-06,9.57e-06,9.31e-06,9.39e-06,133.1040906
2016-09-10,9.45e-06,9.66e-06,9.39e-06,9.52e-06,95.32558552
2016-09-11,9.61e-06,9.96e-06,9.26e-06,9.42e-06,147.46348989999996
2016-09-12,9.71e-06,1e-05,9.43e-06,9.62e-06,164.629456
2016-09-13,9.68e-06,9.92e-06,9.37e-06,9.66e-06,231.9980069
2016-09-14,9.95e-06,1.06e-05,9.56e-06,9.71e-06,441.5699723
2016-09-15,1.4300000000000005e-05,1.75e-05,9.800000000000001e-06,9.94e-06,14383.94493
2016-09-16,1.19e-05,1.46e-05,1.12e-05,1.4300000000000005e-05,10837.83268
2016-09-17,1.15e-05,1.23e-05,1.13e-05,1.19e-05,1392.127423
2016-09-18,1.12e-05,1.15e-05,1.09e-05,1.15e-05,1741.4428920000007
2016-09-19,1.12e-05,1.23e-05,1.11e-05,1.12e-05,2396.6641440000008
2016-09-20,1.12e-05,1.14e-05,1.0800000000000003e-05,1.11e-05,955.1372344
2016-09-21,1.14e-05,1.19e-05,1.11e-05,1.11e-05,1280.865419
2016-09-22,1.14e-05,1.19e-05,1.12e-05,1.14e-05,1023.076551
2016-09-23,1.21e-05,1.24e-05,1.13e-05,1.14e-05,2419.2236350000007
2016-09-24,1.23e-05,1.25e-05,1.17e-05,1.2e-05,1807.797757
2016-09-25,1.32e-05,1.36e-05,1.2e-05,1.23e-05,4379.215201
2016-09-26,1.28e-05,1.4800000000000002e-05,1.25e-05,1.32e-05,8353.902365
2016-09-27,1.3699999999999998e-05,1.41e-05,1.25e-05,1.27e-05,3661.147027
2016-09-28,1.55e-05,1.55e-05,1.35e-05,1.3699999999999998e-05,7007.72391
2016-09-29,1.47e-05,1.56e-05,1.4300000000000005e-05,1.55e-05,5014.999416
2016-09-30,1.42e-05,1.57e-05,1.4e-05,1.47e-05,5683.289872
2016-10-01,1.31e-05,1.4300000000000005e-05,1.27e-05,1.42e-05,3752.710158
2016-10-02,1.33e-05,1.3699999999999998e-05,1.3e-05,1.31e-05,1168.812003
2016-10-03,1.31e-05,1.3699999999999998e-05,1.29e-05,1.33e-05,1682.445345
2016-10-04,1.26e-05,1.35e-05,1.25e-05,1.31e-05,1636.148456
2016-10-05,1.2e-05,1.28e-05,1.17e-05,1.26e-05,2558.6029510000008
2016-10-06,1.21e-05,1.25e-05,1.17e-05,1.2e-05,1288.251922
2016-10-07,1.2e-05,1.23e-05,1.15e-05,1.2e-05,1068.1486619999996
2016-10-08,1.19e-05,1.21e-05,1.15e-05,1.19e-05,398.4266708
2016-10-09,1.23e-05,1.27e-05,1.18e-05,1.19e-05,1070.490798
2016-10-10,1.28e-05,1.39e-05,1.23e-05,1.23e-05,5199.915146
2016-10-11,1.21e-05,1.33e-05,1.18e-05,1.28e-05,2052.843768
2016-10-12,1.24e-05,1.28e-05,1.19e-05,1.21e-05,999.2328201
2016-10-13,1.24e-05,1.25e-05,1.21e-05,1.24e-05,405.6756657
2016-10-14,1.27e-05,1.32e-05,1.22e-05,1.24e-05,1134.003743
2016-10-15,1.25e-05,1.3e-05,1.24e-05,1.27e-05,411.224021
2016-10-16,1.23e-05,1.27e-05,1.22e-05,1.25e-05,393.182163
2016-10-17,1.25e-05,1.27e-05,1.21e-05,1.23e-05,768.3619776
2016-10-18,1.32e-05,1.33e-05,1.24e-05,1.25e-05,1204.190757
2016-10-19,1.39e-05,1.4e-05,1.29e-05,1.32e-05,1168.535492
2016-10-20,1.46e-05,1.49e-05,1.3699999999999998e-05,1.39e-05,3874.54794
2016-10-21,1.42e-05,1.49e-05,1.35e-05,1.46e-05,2167.812969
2016-10-22,1.34e-05,1.4300000000000005e-05,1.31e-05,1.42e-05,1383.2703720000006
2016-10-23,1.3699999999999998e-05,1.3800000000000007e-05,1.32e-05,1.34e-05,546.4646813999999
2016-10-24,1.35e-05,1.4e-05,1.35e-05,1.3699999999999998e-05,697.3799449
2016-10-25,1.33e-05,1.39e-05,1.32e-05,1.35e-05,986.0284776
2016-10-26,1.29e-05,1.35e-05,1.27e-05,1.33e-05,1094.486783
2016-10-27,1.21e-05,1.29e-05,1.18e-05,1.28e-05,1712.152858
2016-10-28,1.15e-05,1.24e-05,1.1e-05,1.21e-05,1610.419229
2016-10-29,1.09e-05,1.16e-05,1.02e-05,1.15e-05,1686.829296
2016-10-30,1.16e-05,1.18e-05,1.07e-05,1.09e-05,894.0820566
2016-10-31,1.15e-05,1.21e-05,1.13e-05,1.16e-05,597.9151347
2016-11-01,1.1e-05,1.15e-05,1.0800000000000003e-05,1.15e-05,610.2809106000002
2016-11-02,1.1e-05,1.15e-05,1.09e-05,1.1e-05,265.07982630000004
2016-11-03,1.18e-05,1.2e-05,1.07e-05,1.09e-05,790.1195667000003
2016-11-04,1.16e-05,1.19e-05,1.14e-05,1.18e-05,385.3527565
2016-11-05,1.17e-05,1.18e-05,1.15e-05,1.16e-05,158.3891697
2016-11-06,1.14e-05,1.18e-05,1.12e-05,1.17e-05,184.7162455
2016-11-07,1.17e-05,1.18e-05,1.13e-05,1.14e-05,324.0143654
2016-11-08,1.14e-05,1.19e-05,1.11e-05,1.17e-05,597.9357619
2016-11-09,1.12e-05,1.16e-05,1.06e-05,1.15e-05,667.5703522000001
2016-11-10,1.13e-05,1.15e-05,1.11e-05,1.13e-05,131.2699476
2016-11-11,1.13e-05,1.14e-05,1.1e-05,1.12e-05,254.4171563
2016-11-12,1.14e-05,1.18e-05,1.06e-05,1.13e-05,573.9414707999998
2016-11-13,1.15e-05,1.17e-05,1.14e-05,1.14e-05,163.34121530000004
2016-11-14,1.13e-05,1.16e-05,1.13e-05,1.15e-05,128.7277597
2016-11-15,1.11e-05,1.14e-05,1.07e-05,1.13e-05,474.39759510000016
2016-11-16,1.03e-05,1.12e-05,1.01e-05,1.1e-05,616.3491536
2016-11-17,1.04e-05,1.06e-05,1.01e-05,1.04e-05,287.66972539999995
2016-11-18,1.04e-05,1.06e-05,1.01e-05,1.04e-05,315.9328835
2016-11-19,1.01e-05,1.05e-05,1.01e-05,1.03e-05,218.8059785
2016-11-20,1.04e-05,1.06e-05,9.55e-06,1.01e-05,599.2741882
2016-11-21,1.01e-05,1.04e-05,9.98e-06,1.04e-05,158.9448135
2016-11-22,9.78e-06,1.03e-05,9.6e-06,1.01e-05,366.7985413
2016-11-23,9.51e-06,9.99e-06,9e-06,9.78e-06,752.1068167999997
2016-11-24,9.2e-06,9.6e-06,9.16e-06,9.51e-06,517.3035177
2016-11-25,9.22e-06,9.6e-06,9.02e-06,9.2e-06,205.9429043
2016-11-26,9.49e-06,9.5e-06,9.08e-06,9.22e-06,232.8264967
2016-11-27,9.46e-06,9.699999999999999e-06,9.22e-06,9.47e-06,190.8806177
2016-11-28,9.28e-06,9.53e-06,9.2e-06,9.49e-06,209.9497097
2016-11-29,9.14e-06,9.36e-06,9.1e-06,9.28e-06,132.57470279999998
2016-11-30,9.04e-06,9.35e-06,8.76e-06,9.16e-06,281.0921212
2016-12-01,8.74e-06,9.07e-06,8.72e-06,9.02e-06,249.2806418
2016-12-02,8.57e-06,8.82e-06,8.23e-06,8.74e-06,737.4240127999999
2016-12-03,8.54e-06,8.72e-06,8.43e-06,8.55e-06,152.20012230000003
2016-12-04,8.38e-06,8.63e-06,8.37e-06,8.54e-06,192.2710275
2016-12-05,8.46e-06,8.59e-06,8.29e-06,8.37e-06,266.5070799
2016-12-06,8.93e-06,8.98e-06,8.31e-06,8.45e-06,440.0239878
2016-12-07,9.32e-06,9.78e-06,8.55e-06,8.88e-06,647.9390037000003
2016-12-08,8.94e-06,9.55e-06,8.87e-06,9.32e-06,565.3230499
2016-12-09,8.89e-06,9.33e-06,8.75e-06,9.01e-06,228.1901069
2016-12-10,8.65e-06,8.95e-06,8.5e-06,8.91e-06,177.7367781
2016-12-11,8.81e-06,8.84e-06,8.65e-06,8.68e-06,77.90654642
2016-12-12,8.62e-06,8.89e-06,8.46e-06,8.81e-06,139.3209308
2016-12-13,8.73e-06,8.78e-06,8.3e-06,8.59e-06,276.2427943
2016-12-14,8.55e-06,8.78e-06,8.400000000000001e-06,8.72e-06,239.3135255
2016-12-15,8.65e-06,8.7e-06,8.31e-06,8.52e-06,249.1349808
2016-12-16,8.400000000000001e-06,8.83e-06,8e-06,8.65e-06,549.8697066000002
2016-12-17,8.24e-06,8.46e-06,8.15e-06,8.42e-06,189.547717
2016-12-18,8.37e-06,8.45e-06,8.12e-06,8.25e-06,220.4657352
2016-12-19,8.3e-06,8.42e-06,8.13e-06,8.37e-06,161.5123173
2016-12-20,8.13e-06,8.33e-06,8.02e-06,8.29e-06,258.2231695
2016-12-21,7.82e-06,8.15e-06,7.55e-06,8.11e-06,345.0543107
2016-12-22,7.51e-06,7.86e-06,7.16e-06,7.81e-06,463.8146608
2016-12-23,6.64e-06,7.57e-06,6.5000000000000004e-06,7.51e-06,624.4013457000002
2016-12-24,7.18e-06,7.25e-06,6.53e-06,6.64e-06,213.4536336
2016-12-25,7.14e-06,7.56e-06,7.05e-06,7.19e-06,265.978637
2016-12-26,6.92e-06,7.22e-06,6.61e-06,7.15e-06,281.7036707
2016-12-27,6.62e-06,7.07e-06,6.37e-06,6.93e-06,388.0238243
2016-12-28,6.4e-06,6.68e-06,6.27e-06,6.62e-06,263.8298803
2016-12-29,6.62e-06,6.83e-06,6.24e-06,6.4e-06,332.0985828000001
2016-12-30,6.69e-06,7.000000000000003e-06,6.51e-06,6.63e-06,263.649025
2016-12-31,6.71e-06,6.900000000000003e-06,6.61e-06,6.68e-06,171.9456176
2017-01-01,6.35e-06,6.87e-06,6.21e-06,6.77e-06,225.7573167
2017-01-02,6.16e-06,6.43e-06,6.09e-06,6.32e-06,259.4309793
2017-01-03,6.19e-06,6.38e-06,6.09e-06,6.16e-06,192.3112513
2017-01-04,5.71e-06,6.26e-06,5.63e-06,6.18e-06,434.85208330000006
2017-01-05,6.2e-06,6.55e-06,4.2000000000000004e-06,5.74e-06,1336.653543
2017-01-06,7.07e-06,7.38e-06,6e-06,6.2e-06,1085.261933
2017-01-07,7.07e-06,7.59e-06,6.87e-06,7.05e-06,962.7031966
2017-01-08,6.86e-06,7.200000000000001e-06,6.67e-06,7.06e-06,428.0170587
2017-01-09,6.85e-06,7.09e-06,6.72e-06,6.85e-06,351.4605347
2017-01-10,7.4999999999999985e-06,7.8e-06,6.8e-06,6.83e-06,1673.426719
2017-01-11,8.29e-06,8.5e-06,7.08e-06,7.4999999999999985e-06,2730.012926000001
2017-01-12,7.94e-06,9.2e-06,7.49e-06,8.29e-06,4011.617115
2017-01-13,8.12e-06,8.44e-06,7.73e-06,7.94e-06,1586.7392619999994
2017-01-14,8.400000000000001e-06,8.79e-06,7.96e-06,8.1e-06,971.9080004
2017-01-15,8.23e-06,8.51e-06,8.16e-06,8.38e-06,535.5547546
2017-01-16,8.2e-06,8.48e-06,8.1e-06,8.21e-06,370.259079
2017-01-17,7.51e-06,8.31e-06,7.05e-06,8.18e-06,1087.330299
2017-01-18,7.58e-06,7.95e-06,7.02e-06,7.45e-06,891.2865221000003
2017-01-19,7.45e-06,7.67e-06,7.37e-06,7.57e-06,324.6943188
2017-01-20,7.39e-06,7.66e-06,7.27e-06,7.45e-06,348.96279100000015
2017-01-21,7.29e-06,7.53e-06,7.15e-06,7.36e-06,360.6346346
2017-01-22,7.29e-06,7.51e-06,7.14e-06,7.26e-06,206.846338
2017-01-23,7.29e-06,7.37e-06,7.200000000000001e-06,7.29e-06,146.0808989
2017-01-24,7.299999999999999e-06,7.400000000000001e-06,7.16e-06,7.29e-06,275.5905463
2017-01-25,7.200000000000001e-06,7.39e-06,7.13e-06,7.28e-06,289.577337
2017-01-26,6.93e-06,7.25e-06,6.74e-06,7.21e-06,812.0505656
2017-01-27,6.98e-06,7.15e-06,6.75e-06,6.91e-06,680.7523451000002
2017-01-28,6.87e-06,6.99e-06,6.8e-06,6.98e-06,200.1117099
2017-01-29,6.91e-06,7.02e-06,6.73e-06,6.87e-06,219.0238502
2017-01-30,6.92e-06,7.01e-06,6.79e-06,6.900000000000003e-06,214.6974671
2017-01-31,6.48e-06,6.94e-06,6.41e-06,6.92e-06,338.7385477
2017-02-01,6.64e-06,6.98e-06,6.24e-06,6.44e-06,1056.471399
2017-02-02,6.36e-06,6.75e-06,6.31e-06,6.64e-06,387.3194529
2017-02-03,6.32e-06,6.4e-06,6.18e-06,6.36e-06,260.1701383
2017-02-04,6.2e-06,6.38e-06,6.16e-06,6.33e-06,167.24303999999995
2017-02-05,6.26e-06,6.35e-06,6.19e-06,6.21e-06,195.7505736
2017-02-06,6.2e-06,6.27e-06,6.13e-06,6.25e-06,181.5814282
2017-02-07,6.01e-06,6.26e-06,5.9e-06,6.2e-06,558.1308104
2017-02-08,6.05e-06,6.23e-06,5.91e-06,6.02e-06,415.1074096
2017-02-09,6.43e-06,6.68e-06,5.88e-06,6.03e-06,1033.522572
2017-02-10,6.32e-06,6.59e-06,6.24e-06,6.42e-06,403.1355116
2017-02-11,6.29e-06,6.41e-06,6.2e-06,6.32e-06,185.1706832
2017-02-12,6.24e-06,6.37e-06,6.23e-06,6.28e-06,117.4525031
2017-02-13,6.26e-06,6.42e-06,6.21e-06,6.26e-06,212.7868567
2017-02-14,6.21e-06,6.39e-06,6.14e-06,6.26e-06,344.014592
2017-02-15,6.04e-06,6.26e-06,5.98e-06,6.21e-06,408.7657609
2017-02-16,5.71e-06,6.19e-06,5.6e-06,6.06e-06,617.4577625
2017-02-17,5.6e-06,5.9e-06,5.46e-06,5.71e-06,480.4131765
2017-02-18,5.2e-06,5.85e-06,4.79e-06,5.59e-06,1070.297218
2017-02-19,5.62e-06,5.65e-06,5.19e-06,5.2e-06,495.6937424
2017-02-20,5.37e-06,5.68e-06,5.29e-06,5.62e-06,439.2059373
2017-02-21,5.21e-06,5.51e-06,5.14e-06,5.38e-06,347.5670072
2017-02-22,5.2e-06,5.36e-06,5.12e-06,5.21e-06,163.5217163
2017-02-23,4.99e-06,5.22e-06,4.94e-06,5.2e-06,276.65135380000004
2017-02-24,4.79e-06,5.04e-06,4.6e-06,4.98e-06,426.1546995
2017-02-25,4.93e-06,5.08e-06,4.7e-06,4.8e-06,152.4177177
2017-02-26,4.79e-06,5.03e-06,4.76e-06,4.92e-06,82.54324890000002
2017-02-27,4.67e-06,4.84e-06,4.62e-06,4.79e-06,160.8097313
2017-02-28,4.64e-06,4.79e-06,4.44e-06,4.66e-06,484.7280325
2017-03-01,4.35e-06,4.72e-06,4.27e-06,4.64e-06,564.0665692000001
2017-03-02,4.84e-06,5.19e-06,4.33e-06,4.34e-06,1417.800486
2017-03-03,5.04e-06,5.14e-06,4.58e-06,4.84e-06,895.1204642000001
2017-03-04,4.94e-06,5.25e-06,4.89e-06,5.04e-06,547.8155864
2017-03-05,4.74e-06,5.02e-06,4.6e-06,4.94e-06,358.000394
2017-03-06,4.72e-06,4.9000000000000005e-06,4.65e-06,4.74e-06,333.8519192
2017-03-07,5.45e-06,5.63e-06,4.71e-06,4.72e-06,961.5513627
2017-03-08,5.59e-06,5.81e-06,5.32e-06,5.47e-06,1529.72862
2017-03-09,5.43e-06,5.75e-06,5.08e-06,5.6e-06,747.505739
2017-03-10,5.51e-06,5.76e-06,4.66e-06,5.43e-06,1473.726185
2017-03-11,5.29e-06,5.59e-06,5.08e-06,5.52e-06,868.5879484
2017-03-12,5.11e-06,5.28e-06,4.95e-06,5.28e-06,698.6677361000003
2017-03-13,5.15e-06,5.24e-06,4.89e-06,5.11e-06,1024.287052
2017-03-14,5.15e-06,5.24e-06,4.96e-06,5.14e-06,394.5494606
2017-03-15,4.96e-06,5.16e-06,4.94e-06,5.14e-06,387.4314553
2017-03-16,5.43e-06,5.45e-06,4.64e-06,4.96e-06,1431.155531
2017-03-17,5.55e-06,5.57e-06,5.06e-06,5.42e-06,1289.1242539999996
2017-03-18,6.94e-06,8.98e-06,5.5e-06,5.56e-06,3629.1879380000014
2017-03-19,6.63e-06,7.38e-06,6.01e-06,6.94e-06,2163.426317000001
2017-03-20,6.62e-06,6.94e-06,6.1e-06,6.63e-06,1802.000452
2017-03-21,6.12e-06,6.68e-06,6.03e-06,6.65e-06,1411.79702
2017-03-22,6.95e-06,7.44e-06,6.1e-06,6.14e-06,2392.520202
2017-03-23,1.1e-05,1.13e-05,6.89e-06,6.96e-06,6304.9377909999985
2017-03-24,1.14e-05,1.18e-05,8.96e-06,1.1e-05,15603.64686
2017-03-25,9.16e-06,1.16e-05,9.02e-06,1.14e-05,7409.172075
2017-03-26,9.91e-06,1.06e-05,9.09e-06,9.16e-06,3837.746334
2017-03-27,9.16e-06,1.03e-05,8.57e-06,9.9e-06,3563.432082
2017-03-28,9.12e-06,9.39e-06,8.72e-06,9.13e-06,1595.850303
2017-03-29,9.84e-06,9.85e-06,9.06e-06,9.09e-06,1718.532699
2017-03-30,1.32e-05,1.47e-05,9.699999999999999e-06,9.84e-06,11189.6608
2017-03-31,2.02e-05,2.5e-05,1.29e-05,1.31e-05,46677.63792
2017-04-01,2.03e-05,2.1600000000000007e-05,1.8e-05,2.01e-05,19367.57705
2017-04-02,5.710000000000001e-05,7.08e-05,2e-05,2.02e-05,140899.0868
2017-04-03,2.8300000000000014e-05,5.710000000000001e-05,2.2e-05,5.710000000000001e-05,102162.8226
2017-04-04,3.3100000000000005e-05,3.73e-05,2.34e-05,2.82e-05,48404.2253
2017-04-05,3.15e-05,3.620000000000001e-05,3e-05,3.3100000000000005e-05,25080.9575
2017-04-06,2.75e-05,3.3e-05,2.45e-05,3.14e-05,27647.73004
2017-04-07,3.1e-05,3.2500000000000004e-05,2.58e-05,2.75e-05,20615.700630000007
2017-04-08,3.05e-05,3.13e-05,2.95e-05,3.09e-05,8498.052255
2017-04-09,2.860000000000001e-05,3.05e-05,2.660000000000001e-05,3.05e-05,9667.970913
2017-04-10,2.8300000000000014e-05,2.98e-05,2.730000000000001e-05,2.860000000000001e-05,6811.072123000001
2017-04-11,2.72e-05,2.9e-05,2.6e-05,2.8300000000000014e-05,6391.823393
2017-04-12,2.860000000000001e-05,2.9600000000000005e-05,2.68e-05,2.72e-05,7197.102808
2017-04-13,2.94e-05,3.09e-05,2.730000000000001e-05,2.860000000000001e-05,9582.89051
2017-04-14,2.88e-05,2.99e-05,2.75e-05,2.94e-05,5091.308121
2017-04-15,2.89e-05,2.93e-05,2.8000000000000013e-05,2.87e-05,2692.954873
2017-04-16,2.81e-05,2.89e-05,2.77e-05,2.88e-05,3347.004049
2017-04-17,2.81e-05,2.9e-05,2.77e-05,2.81e-05,4154.580618
2017-04-18,2.72e-05,2.8300000000000014e-05,2.65e-05,2.81e-05,4686.808334
2017-04-19,2.47e-05,2.77e-05,2.35e-05,2.72e-05,7172.795962
2017-04-20,2.44e-05,2.53e-05,2.2e-05,2.46e-05,14552.25789
2017-04-21,2.69e-05,2.81e-05,2.35e-05,2.44e-05,16293.42379
2017-04-22,2.57e-05,2.72e-05,2.52e-05,2.69e-05,5057.6164899999985
2017-04-23,2.58e-05,2.6e-05,2.5e-05,2.57e-05,2736.045323
2017-04-24,2.51e-05,2.57e-05,2.45e-05,2.57e-05,3373.702364
2017-04-25,2.55e-05,2.730000000000001e-05,2.5e-05,2.52e-05,7196.383878000002
2017-04-26,2.56e-05,2.64e-05,2.48e-05,2.55e-05,5991.34541
2017-04-27,2.64e-05,2.71e-05,2.46e-05,2.56e-05,8145.738889
2017-04-28,3.3799999999999995e-05,3.48e-05,2.63e-05,2.65e-05,44827.7879
2017-04-29,3.98e-05,4.5e-05,3.37e-05,3.3799999999999995e-05,67390.05223
2017-04-30,3.83e-05,4.15e-05,3.75e-05,4e-05,24017.25497
2017-05-01,3.89e-05,4.2700000000000015e-05,3.35e-05,3.83e-05,31963.18864
2017-05-02,3.72e-05,3.96e-05,3.41e-05,3.89e-05,17386.50314
2017-05-03,4.1e-05,4.15e-05,3.54e-05,3.71e-05,19814.59322
2017-05-04,5.19e-05,5.44e-05,3.9299999999999986e-05,4.08e-05,71704.10701
2017-05-05,6.05e-05,6.850000000000001e-05,5.01e-05,5.19e-05,87075.97665
2017-05-06,6.45e-05,6.850000000000001e-05,6e-05,6.05e-05,39967.10752
2017-05-07,8.93e-05,9.67e-05,6.23e-05,6.440000000000001e-05,114210.9562
2017-05-08,0.00011576,0.00014808,8.01e-05,8.93e-05,153454.1655
2017-05-09,9.11e-05,0.00012930000000000005,7.4e-05,0.00011576,83400.95698999999
2017-05-10,0.00010501,0.00011787,8.7e-05,9.11e-05,54882.93205
2017-05-11,0.0001,0.00012,8.97e-05,0.00010496,38378.44201
2017-05-12,0.00012179,0.000124,9.86e-05,0.0001,46774.02412
2017-05-13,0.00012,0.000131,0.0001026,0.00012178,35944.79053
2017-05-14,0.00012147,0.00012498,0.00011646,0.00012003,23123.89789
2017-05-15,0.0001545,0.00015498,0.00012134,0.00012151,75573.94198999999
2017-05-16,0.0001984,0.00019889,0.000152,0.00015498,129273.5112
2017-05-17,0.0002085,0.00024351,0.000171,0.0001984,100800.909
2017-05-18,0.00018951,0.0002195,0.00017606,0.00020864,55169.68338
2017-05-19,0.00016363,0.00018958,0.0001402,0.0001893,67069.21672000001
2017-05-20,0.0001689,0.00018997,0.000146,0.00016402,58517.92826
2017-05-21,0.0001605,0.00017751,0.000156,0.00016886,31398.56653
2017-05-22,0.0001415,0.00016404,0.000106,0.00016041,55127.57771000001
2017-05-23,0.000143,0.00016,0.00012977,0.00014143,38635.90197
2017-05-24,0.00011984,0.00014652,0.0001155,0.000143,40088.88176
2017-05-25,0.00010518,0.00012,9.01e-05,0.00011903,60459.17822
2017-05-26,0.000121,0.00013544,0.00010503,0.00010577,59302.93947000001
2017-05-27,0.00010293,0.000124,8.01e-05,0.00012101,55423.69099
2017-05-28,0.00010489,0.00011273,9.68e-05,0.00010293,24794.52125
2017-05-29,0.00010164,0.00010851,9.95e-05,0.00010486,17326.7865
2017-05-30,9.25e-05,0.000105,9.21e-05,0.00010188,20360.59843
2017-05-31,0.0001074,0.00011199,8.78e-05,9.23e-05,35400.07154
2017-06-01,0.00013865,0.00014348,0.0001065,0.00010701,98995.26576
2017-06-02,0.00011740000000000002,0.00014044,0.0001155,0.00013878,43474.44707
2017-06-03,0.00011535,0.000125,0.00010526,0.00011787,25704.68028
2017-06-04,0.00011637,0.00012299,0.00010801,0.00011535,20496.24897
2017-06-05,0.00010749,0.00011684,0.00010694,0.00011637,11507.44947
2017-06-06,9.87e-05,0.00010748,9.7e-05,0.00010748,17055.64891
2017-06-07,0.00010189,0.00010748,9.7e-05,9.88e-05,21813.62667
2017-06-08,0.00010182,0.00010725,0.0001,0.00010182,13696.437930000002
2017-06-09,9.98e-05,0.000106,9.82e-05,0.00010181,12245.95065
2017-06-10,8.93e-05,0.0001007,8.78e-05,9.98e-05,16274.91556
2017-06-11,9.14e-05,9.59e-05,8.79e-05,8.909999999999997e-05,10458.50013
2017-06-12,9.26e-05,9.53e-05,8.89e-05,9.18e-05,14535.057530000002
2017-06-13,9.69e-05,0.0001025,9.14e-05,9.32e-05,14566.395019999998
2017-06-14,0.00010628,0.000115,9.42e-05,9.69e-05,35495.69468
2017-06-15,0.0001012,0.00010865,9.84e-05,0.00010626,17340.41384
2017-06-16,0.00010094,0.00010363,9.97e-05,0.00010119,7930.9759
2017-06-17,9.83e-05,0.0001011,9.75e-05,0.00010066,8468.857784
2017-06-18,0.00010559,0.00010879,9.78e-05,9.85e-05,17797.391330000002
2017-06-19,0.00010813,0.00010984,0.00010086,0.00010559,12844.90025
2017-06-20,0.00011216,0.0001232,0.00010466,0.00010859999999999997,46687.22182
2017-06-21,0.00010251,0.00011439,9.71e-05,0.00011217,16793.44213
2017-06-22,0.00010316,0.00010622,9.85e-05,0.00010267,9151.973535
2017-06-23,0.0001088,0.0001095,0.00010151,0.00010316,8653.681443000001
2017-06-24,0.00010798,0.00011193,0.00010402,0.0001088,13809.22864
2017-06-25,0.00010262,0.00010932,0.00010101,0.00010799,6734.991407
2017-06-26,0.00010201,0.00010852,9.21e-05,0.00010265,15589.06514
2017-06-27,0.00010258,0.000104,9.75e-05,0.00010201,7339.521482999998
2017-06-28,0.0001047,0.00010512,0.00010059,0.0001025,5991.976522
2017-06-29,0.00010086,0.00010539,9.87e-05,0.0001047,6076.229965
2017-06-30,0.00010084,0.00010264,9.88e-05,0.00010091,5295.775262
2017-07-01,9.88e-05,0.00010122,9.7e-05,0.0001008,3698.588138
2017-07-02,0.00010091,0.00010144,9.79e-05,9.88e-05,3882.410543
2017-07-03,9.91e-05,0.00010098,9.8e-05,0.00010098,4056.170209
2017-07-04,9.78e-05,9.92e-05,9.75e-05,9.91e-05,927.960802
2017-07-05,9.59e-05,0.00010111,9.5e-05,9.53e-05,5612.073722
2017-07-06,9.62e-05,9.74e-05,9.51e-05,9.56e-05,3046.038249
2017-07-07,9.24e-05,9.7e-05,9.1e-05,9.62e-05,5401.747460000001
2017-07-08,9.04e-05,9.26e-05,8.420000000000001e-05,9.23e-05,7187.093047
2017-07-09,9.03e-05,9.56e-05,8.85e-05,9.04e-05,4368.292654
2017-07-10,7.85e-05,9.03e-05,7.3e-05,9.03e-05,9261.897807
2017-07-11,7.609999999999999e-05,8.420000000000001e-05,6e-05,7.840000000000001e-05,19872.96992
2017-07-12,8.26e-05,8.35e-05,7.32e-05,7.609999999999999e-05,7632.659687
2017-07-13,8.159999999999999e-05,9.13e-05,7.79e-05,8.26e-05,9555.052562
2017-07-14,8.3e-05,8.340000000000001e-05,7.72e-05,8.14e-05,5107.488324
2017-07-15,8.7e-05,8.77e-05,8.06e-05,8.3e-05,6214.1985479999985
2017-07-16,7.69e-05,8.759999999999999e-05,6.91e-05,8.7e-05,13203.2952
2017-07-17,7.8e-05,8.03e-05,7.32e-05,7.7e-05,7690.934792
2017-07-18,7.730000000000001e-05,7.94e-05,7.37e-05,7.780000000000001e-05,6833.295235
2017-07-19,7.219999999999999e-05,7.879999999999999e-05,7.01e-05,7.72e-05,4815.550134
2017-07-20,6.670000000000001e-05,7.49e-05,6.579999999999999e-05,7.2e-05,5156.560256000002
2017-07-21,6.86e-05,7.11e-05,6.59e-05,6.69e-05,3661.257985
2017-07-22,6.96e-05,7.18e-05,6.500000000000001e-05,6.86e-05,5083.015209
2017-07-23,7.159999999999999e-05,7.45e-05,6.890000000000001e-05,6.96e-05,4639.929765999998
2017-07-24,6.94e-05,7.2e-05,6.8e-05,7.159999999999999e-05,2867.997593
2017-07-25,6.790000000000001e-05,7.01e-05,6.48e-05,6.929999999999999e-05,3710.451542
2017-07-26,6.87e-05,6.94e-05,6.01e-05,6.790000000000001e-05,2837.291715
2017-07-27,6.47e-05,6.87e-05,6.4e-05,6.87e-05,2261.158858
2017-07-28,5.86e-05,6.52e-05,5.47e-05,6.459999999999997e-05,6015.387861
2017-07-29,6.25e-05,6.28e-05,5.5399999999999985e-05,5.84e-05,2870.784131
2017-07-30,5.94e-05,6.28e-05,5.820000000000001e-05,6.26e-05,2110.302839
2017-07-31,5.75e-05,6.27e-05,5.59e-05,5.88e-05,3166.987578
2017-08-01,6.52e-05,6.78e-05,5.59e-05,5.73e-05,5127.519074
2017-08-02,6.38e-05,6.61e-05,6.21e-05,6.53e-05,2637.72555
2017-08-03,6.25e-05,6.409999999999999e-05,6.05e-05,6.31e-05,2086.504735
2017-08-04,6.08e-05,6.37e-05,5.96e-05,6.25e-05,2601.363494
2017-08-05,5.67e-05,6.07e-05,5.400000000000001e-05,6.07e-05,3268.929916
2017-08-06,5.570000000000001e-05,5.93e-05,5.1e-05,5.660000000000003e-05,3148.953275
2017-08-07,5.24e-05,5.59e-05,5.15e-05,5.570000000000001e-05,2975.223387
2017-08-08,5.73e-05,5.91e-05,5.08e-05,5.25e-05,6806.095926000001
2017-08-09,5.520000000000003e-05,5.76e-05,5.460000000000001e-05,5.76e-05,2861.966716
2017-08-10,5.28e-05,5.570000000000001e-05,5.21e-05,5.51e-05,2837.839893
2017-08-11,4.88e-05,5.34e-05,4.820000000000001e-05,5.27e-05,2895.743062
2017-08-12,4.650000000000001e-05,5.03e-05,4.53e-05,4.88e-05,1346.288024
2017-08-13,4.15e-05,4.44e-05,3.79e-05,4.4299999999999986e-05,6213.363438
2017-08-14,4.05e-05,4.52e-05,3.9e-05,4.08e-05,2122.471353
2017-08-15,3.79e-05,4.08e-05,3.45e-05,3.89e-05,5910.936052
2017-08-16,3.67e-05,3.8e-05,3.55e-05,3.79e-05,5466.742186
2017-08-17,3.69e-05,3.73e-05,3.46e-05,3.67e-05,1790.44393
2017-08-18,3.86e-05,4.07e-05,3.53e-05,3.69e-05,4411.783455
2017-08-19,3.68e-05,3.91e-05,3.65e-05,3.86e-05,2453.164139
2017-08-20,3.9e-05,3.950000000000001e-05,3.620000000000001e-05,3.68e-05,2581.496859
2017-08-21,4.9e-05,5.2e-05,3.79e-05,3.9e-05,20169.21936
2017-08-22,5.95e-05,6.4e-05,4.53e-05,4.9e-05,34423.52636
2017-08-23,5.95e-05,7.42e-05,5.23e-05,5.95e-05,48980.01598
2017-08-24,5.03e-05,6.91e-05,4.820000000000001e-05,5.95e-05,32959.93683
2017-08-25,4.9700000000000015e-05,5.33e-05,4.61e-05,5.03e-05,14209.5408
2017-08-26,4.820000000000001e-05,5.37e-05,4.760000000000001e-05,4.9700000000000015e-05,6044.260642
2017-08-27,4.64e-05,4.84e-05,4.35e-05,4.820000000000001e-05,6789.185884
2017-08-28,5.14e-05,5.520000000000003e-05,4.5e-05,4.66e-05,16018.36301
2017-08-29,4.8e-05,5.15e-05,4.66e-05,5.14e-05,7468.885834999999
2017-08-30,5.07e-05,5.1e-05,4.61e-05,4.8e-05,3755.80712
2017-08-31,5.5e-05,5.62e-05,4.89e-05,5.07e-05,11175.40636
2017-09-01,5.16e-05,5.5e-05,5.15e-05,5.4899999999999986e-05,5259.635391
2017-09-02,4.95e-05,5.18e-05,4.91e-05,5.15e-05,4208.682905
2017-09-03,5.01e-05,5.08e-05,4.9e-05,4.95e-05,2249.240544
2017-09-04,4.83e-05,5.02e-05,4.3e-05,5.01e-05,6005.0765729999985
2017-09-05,4.91e-05,5.04e-05,4.75e-05,4.83e-05,3018.562222
2017-09-06,5.03e-05,5.1e-05,4.88e-05,4.92e-05,2544.934974
2017-09-07,4.93e-05,5.05e-05,4.85e-05,5.04e-05,1382.725586
2017-09-08,4.93e-05,4.98e-05,4.8e-05,4.93e-05,2250.738964
2017-09-09,4.92e-05,4.98e-05,4.86e-05,4.93e-05,1004.271342
2017-09-10,5.13e-05,5.21e-05,4.9e-05,4.92e-05,3298.40568
2017-09-11,5.08e-05,5.2e-05,4.5e-05,5.13e-05,3673.559264
2017-09-12,5.04e-05,5.17e-05,4.9700000000000015e-05,5.08e-05,1891.742121
2017-09-13,5.12e-05,5.14e-05,4.9700000000000015e-05,5.04e-05,1895.195934
2017-09-14,5.31e-05,5.44e-05,4.9700000000000015e-05,5.12e-05,5828.276595
2017-09-15,4.99e-05,5.5e-05,4.85e-05,5.33e-05,6523.09485
2017-09-16,4.94e-05,5.02e-05,4.86e-05,4.99e-05,1693.036427
2017-09-17,4.93e-05,5e-05,4.79e-05,4.93e-05,1052.786348
2017-09-18,4.760000000000001e-05,4.94e-05,4.7e-05,4.94e-05,1621.223281
2017-09-19,4.73e-05,4.85e-05,4.650000000000001e-05,4.74e-05,1380.233082
2017-09-20,4.68e-05,4.75e-05,4.620000000000001e-05,4.73e-05,1017.582976
2017-09-21,4.73e-05,4.81e-05,4.64e-05,4.68e-05,1442.123728
2017-09-22,4.78e-05,4.820000000000001e-05,4.6e-05,4.73e-05,1231.211637
2017-09-23,4.73e-05,4.79e-05,4.61e-05,4.78e-05,1060.893201
2017-09-24,4.79e-05,4.81e-05,4.7e-05,4.73e-05,993.8573007
2017-09-25,4.7e-05,4.8e-05,4.68e-05,4.8e-05,1029.49645
2017-09-26,4.84e-05,4.9700000000000015e-05,4.58e-05,4.7e-05,2040.104255
2017-09-27,4.99e-05,5.23e-05,4.8e-05,4.84e-05,4604.812875
2017-09-28,4.820000000000001e-05,5.05e-05,4.72e-05,4.99e-05,2456.427233
2017-09-29,4.72e-05,4.86e-05,4.64e-05,4.820000000000001e-05,1461.015231
2017-09-30,4.58e-05,4.8e-05,4.5e-05,4.73e-05,1028.208062
2017-10-01,4.72e-05,4.74e-05,4.5e-05,4.58e-05,721.4567956000003
2017-10-02,4.61e-05,4.760000000000001e-05,4.4e-05,4.72e-05,1523.46057
2017-10-03,4.71e-05,4.75e-05,4.58e-05,4.6e-05,901.1711054
2017-10-04,5.06e-05,5.15e-05,4.69e-05,4.7e-05,2393.890227
2017-10-05,5.51e-05,5.660000000000003e-05,5.05e-05,5.05e-05,8197.800451000001
2017-10-06,5.350000000000001e-05,5.59e-05,5.260000000000001e-05,5.51e-05,2688.414775
2017-10-07,5.4299999999999985e-05,5.5e-05,5.320000000000001e-05,5.34e-05,1914.933748
2017-10-08,6.08e-05,6.1e-05,5.37e-05,5.400000000000001e-05,7550.759015
2017-10-09,5.22e-05,6.08e-05,4.67e-05,6.06e-05,10459.45782
2017-10-10,5.41e-05,5.550000000000003e-05,4.92e-05,5.22e-05,4501.509615
2017-10-11,5.460000000000001e-05,5.5399999999999985e-05,5.28e-05,5.41e-05,2282.158193
2017-10-12,4.51e-05,5.4899999999999986e-05,4.51e-05,5.45e-05,5704.280333
2017-10-13,4.61e-05,4.7e-05,3.86e-05,4.51e-05,8080.824953
2017-10-14,4.36e-05,4.77e-05,4.3e-05,4.61e-05,3075.756717
2017-10-15,4.650000000000001e-05,4.92e-05,4.3e-05,4.36e-05,3420.1220350000012
2017-10-16,4.48e-05,5.36e-05,4.36e-05,4.650000000000001e-05,8807.179719
2017-10-17,4.08e-05,4.67e-05,3.9299999999999986e-05,4.48e-05,4672.4554659999985
2017-10-18,3.89e-05,4.28e-05,3.76e-05,4.08e-05,3713.444437
2017-10-19,3.75e-05,4.13e-05,3.59e-05,3.89e-05,4231.472875
2017-10-20,3.48e-05,3.96e-05,3.3100000000000005e-05,3.77e-05,4120.944132
2017-10-21,3.52e-05,3.55e-05,3.21e-05,3.4899999999999995e-05,2343.718876000001
2017-10-22,3.3799999999999995e-05,3.5600000000000005e-05,3.3e-05,3.53e-05,1049.138759
2017-10-23,3.32e-05,3.44e-05,3.2200000000000003e-05,3.41e-05,1052.394681
2017-10-24,3.75e-05,3.92e-05,3.21e-05,3.35e-05,3018.887251
2017-10-25,3.58e-05,3.8e-05,3.55e-05,3.76e-05,751.6270717
2017-10-26,3.5e-05,3.66e-05,3.4200000000000005e-05,3.58e-05,644.2644414
2017-10-27,3.5600000000000005e-05,3.6e-05,3.45e-05,3.510000000000001e-05,350.1539355
2017-10-28,3.5700000000000014e-05,3.66e-05,3.52e-05,3.5600000000000005e-05,288.0143201
2017-10-29,3.37e-05,3.61e-05,3.15e-05,3.58e-05,715.0989166
2017-10-30,3.47e-05,3.53e-05,3.37e-05,3.3799999999999995e-05,355.4422559
2017-10-31,3.26e-05,3.55e-05,3.2299999999999986e-05,3.5e-05,507.5944015
2017-11-01,2.99e-05,3.34e-05,2.98e-05,3.28e-05,556.2796279
2017-11-02,3.13e-05,3.17e-05,2.54e-05,3.02e-05,1120.157764
2017-11-03,3.08e-05,3.620000000000001e-05,2.860000000000001e-05,3.1e-05,1363.889162
2017-11-04,2.93e-05,3.2e-05,2.9e-05,3.11e-05,208.834786
2017-11-05,2.99e-05,3.03e-05,2.82e-05,2.97e-05,130.743162
2017-11-06,3.2200000000000003e-05,3.2500000000000004e-05,2.97e-05,3.02e-05,194.2346322
2017-11-07,3.3100000000000005e-05,3.45e-05,3.12e-05,3.21e-05,129.6328334
2017-11-08,3.41e-05,3.63e-05,3.05e-05,3.3600000000000004e-05,131.3949629
2017-11-09,3.41e-05,3.5e-05,3.3e-05,3.4e-05,264.6480355
2017-11-10,3.39e-05,3.52e-05,3.21e-05,3.34e-05,97.89137514
2017-11-11,3.54e-05,3.71e-05,3.34e-05,3.39e-05,90.8940666
2017-11-12,3.44e-05,3.75e-05,2.75e-05,3.59e-05,120.9412625
2017-11-13,3.3e-05,3.52e-05,3.19e-05,3.52e-05,41.270757
2017-11-14,3.45e-05,3.45e-05,3.3e-05,3.3e-05,22.71735009
2017-11-15,3.06e-05,3.45e-05,3.02e-05,3.43e-05,78.05210335
2017-11-16,3.1e-05,4.24e-05,3e-05,3.06e-05,521.5587878
2017-11-17,3.14e-05,3.46e-05,3.1e-05,3.14e-05,73.71172024
2017-11-18,3.17e-05,3.2200000000000003e-05,3.13e-05,3.14e-05,8.55773625
2017-11-19,3.07e-05,3.3e-05,2.99e-05,3.17e-05,40.0255488
2017-11-20,3.09e-05,3.26e-05,3.06e-05,3.12e-05,40.544508
2017-11-21,3.09e-05,3.21e-05,3e-05,3.11e-05,57.12662745
2017-11-22,3.19e-05,3.21e-05,3e-05,3.1e-05,32.3826804
2017-11-23,3.3100000000000005e-05,3.4e-05,3.12e-05,3.19e-05,50.1488793
2017-11-24,3.21e-05,3.39e-05,3.01e-05,3.3100000000000005e-05,85.24630079999999
2017-11-25,3.15e-05,3.33e-05,3.09e-05,3.2200000000000003e-05,48.1172265
2017-11-26,2.89e-05,3.19e-05,2.82e-05,3.15e-05,71.46786171
2017-11-27,2.81e-05,2.94e-05,2.8000000000000013e-05,2.89e-05,30.0225744
2017-11-28,3.2200000000000003e-05,3.2200000000000003e-05,2.730000000000001e-05,2.81e-05,110.868303
2017-11-29,2.57e-05,3.2200000000000003e-05,2.46e-05,3.2200000000000003e-05,190.5626151
2017-11-30,2.52e-05,2.6e-05,2.410000000000001e-05,2.52e-05,34.78999917
2017-12-01,2.44e-05,2.56e-05,2.42e-05,2.52e-05,13.13818381
2017-12-02,2.39e-05,2.44e-05,2.33e-05,2.44e-05,17.93472282
2017-12-03,2.29e-05,2.4e-05,2.21e-05,2.36e-05,42.3852975
2017-12-04,2.23e-05,2.32e-05,2.23e-05,2.28e-05,10.1966462
2017-12-05,2.02e-05,2.24e-05,2e-05,2.24e-05,52.88972164
2017-12-06,1.62e-05,2e-05,1.6e-05,2e-05,84.08448768
2017-12-07,1.23e-05,1.6100000000000002e-05,1.23e-05,1.6e-05,64.02167096
2017-12-08,1.49e-05,1.8e-05,1.21e-05,1.23e-05,223.0528213
2017-12-09,1.63e-05,1.82e-05,1.49e-05,1.5e-05,104.7458293
2017-12-10,1.56e-05,1.82e-05,1.5e-05,1.64e-05,95.08524885
2017-12-11,1.53e-05,1.55e-05,1.42e-05,1.5399999999999998e-05,55.9832355
2017-12-12,2.2e-05,2.660000000000001e-05,1.5e-05,1.5399999999999998e-05,863.2548906999997
2017-12-13,2.87e-05,3.27e-05,2.05e-05,2.21e-05,2384.644595
2017-12-14,5.320000000000001e-05,5.7e-05,2.81e-05,2.87e-05,5114.902156
2017-12-15,5.09e-05,5.350000000000001e-05,3.4e-05,5.320000000000001e-05,1022.751712
2017-12-16,4.320000000000001e-05,5.870000000000001e-05,4.11e-05,4.88e-05,51.9450056
2017-12-17,4.13e-05,4.61e-05,3.94e-05,4.2700000000000015e-05,19.0161095
2017-12-18,4.38e-05,4.620000000000001e-05,4e-05,4.13e-05,16.94274948
2017-12-19,4.71e-05,5.09e-05,4.28e-05,4.39e-05,82.71428112
2017-12-20,4.88e-05,4.96e-05,4.09e-05,4.71e-05,22.030515
2017-12-21,8.25e-05,9.85e-05,4.86e-05,4.870000000000001e-05,165.1347714
2017-12-22,8.09e-05,0.00011327,6.659999999999999e-05,8.1e-05,108.1335414
2017-12-23,7.72e-05,8.379999999999999e-05,7.55e-05,8.2e-05,20.0073064
2017-12-24,7.97e-05,8.49e-05,7.54e-05,7.759999999999999e-05,17.86441536
2017-12-25,7.950000000000001e-05,8.09e-05,7.75e-05,7.979999999999999e-05,31.56159195
2017-12-26,7.72e-05,7.97e-05,6.879999999999999e-05,7.950000000000001e-05,67.5192744
2017-12-27,8.8e-05,9.39e-05,7.43e-05,7.69e-05,85.03452907
2017-12-28,9.65e-05,0.00010401,8.23e-05,8.669999999999999e-05,172.4170595
2017-12-29,0.00013966,0.00014161,9.6e-05,9.6e-05,1997.947469
2017-12-30,0.00015051,0.00019867,0.000138,0.00013966,6339.427016
2017-12-31,0.00014837,0.00016662,0.00012564,0.00015023,2202.819419
2018-01-01,0.000164,0.00016949,0.00014457,0.00014847,628.278096
2018-01-02,0.00016131,0.00017216,0.00013915,0.00016407,1259.99612
2018-01-03,0.00019475,0.00020853,0.00015800000000000002,0.0001611,2999.83143
2018-01-04,0.00018449,0.00023455,0.00017142,0.00019475,6597.200049
2018-01-05,0.00015576,0.00020906,0.0001403,0.00018412,5690.2227619999985
2018-01-06,0.00015538,0.00017842,0.00015105,0.000156,2388.295015
2018-01-07,0.0001747,0.00018311,0.00015531,0.00015538,1544.119143
2018-01-08,0.000162,0.00017543,0.00014301,0.00017455,1369.642122
2018-01-09,0.0001405,0.00016594,0.000129,0.00016184,1374.013147
2018-01-10,0.00013127,0.00015018,0.00012127,0.00014016,2015.4143010000007
2018-01-11,0.0001495,0.00017,0.00012301,0.00013117,3786.976726
2018-01-12,0.00014898,0.00015999,0.00014521,0.000149,715.3840824
2018-01-13,0.000144,0.00015351,0.00013803,0.00014898,413.083152
2018-01-14,0.0001361,0.00014422,0.000135,0.00014422,271.073092
2018-01-15,0.000126,0.00013969,0.000125,0.00013656,405.970614
2018-01-16,0.000106,0.00013000000000000002,8.7e-05,0.000126,1343.274294
2018-01-17,0.00012322,0.00012874,0.0001,0.00010698,1052.463175
2018-01-18,0.00014,0.00014817,0.00011725,0.00012322,1504.64314
2018-01-19,0.00013193,0.00014698,0.00012851,0.00014001,758.1729493
2018-01-20,0.00012417,0.00012997,0.00012162,0.00012662,198.909413
2018-01-21,0.00011873,0.00012506,0.00011603,0.00012413,295.48157010000006
2018-01-22,0.00012539,0.00012768,0.00011122,0.000119,644.2214694
2018-01-23,0.00012552,0.000132,0.00011881,0.00012599,870.7714022
2018-01-24,0.0001222,0.00012868,0.00012067,0.00012552,360.0673102
2018-01-25,0.00011978,0.00012321,0.00011959,0.00012173,206.7989722
2018-01-26,0.0001118,0.00011999,0.00010859,0.00011987,811.6678882
2018-01-27,0.00011022,0.00011203,0.00010852,0.0001117,208.5392159
2018-01-28,0.00011983,0.00012253,0.0001093,0.00011048,398.7264162
2018-01-29,0.00011683,0.00011997,0.00011535,0.00011981,213.3489877
2018-01-30,0.00011306,0.00011739,0.0001125,0.00011667,292.608777
2018-01-31,0.00011285,0.000115,0.0001068,0.0001125,261.5499623
2018-02-01,0.00010829,0.00011331,0.0001067,0.00011285,370.2628939
2018-02-02,0.00010381,0.00010869,8.53e-05,0.00010868,1248.386152
2018-02-03,0.00010613,0.00011,9.71e-05,0.00010387,291.5899463
2018-02-04,0.00010124,0.00010693,9.95e-05,0.00010616,257.3291998
2018-02-05,0.0001,0.00010494,9.61e-05,0.00010224,492.3614472
2018-02-06,0.00010031,0.00010288,9.75e-05,0.00010063,231.1001966
2018-02-07,9.54e-05,0.00010074,9.36e-05,0.00010074,153.7430201
2018-02-08,9.61e-05,9.72e-05,9.03e-05,9.54e-05,197.1702417
2018-02-09,0.0001079,0.00010976,9.48e-05,9.61e-05,698.3139097999997
2018-02-10,0.00012094,0.00013836,0.00010726,0.0001079,3114.247087
2018-02-11,0.00011991,0.00012514,0.00011276,0.00012065,1031.819794
2018-02-12,0.0001183,0.000124,0.000118,0.00012024,513.7457871
2018-02-13,0.00011769,0.00011967,0.00011601,0.00011815,406.0638063
2018-02-14,0.00012171,0.00012749,0.000114,0.00011772,683.0993223999999
2018-02-15,0.00011262,0.00012194,0.00011073,0.00012191,912.1252594
2018-02-16,0.00011204,0.00011478,0.00010911,0.00011276,343.1725818999999
2018-02-17,0.00010904,0.00011384,0.00010549,0.00011216,492.02195530000006
2018-02-18,0.0001059,0.00010904,0.00010405,0.00010899,277.4904054
2018-02-19,0.00010201,0.00010696,0.00010004,0.00010574,243.4789982
2018-02-20,9.38e-05,0.00010201,9.1e-05,0.00010201,550.4612668999998
2018-02-21,9.35e-05,9.62e-05,9e-05,9.38e-05,251.2010969
2018-02-22,9.32e-05,9.5e-05,9.02e-05,9.35e-05,140.03705390000002
2018-02-23,9.5e-05,9.82e-05,9.11e-05,9.32e-05,209.477565
2018-02-24,9.62e-05,9.64e-05,9.27e-05,9.5e-05,86.75231815
2018-02-25,9.7e-05,9.73e-05,9.46e-05,9.61e-05,113.9995301
2018-02-26,9.22e-05,9.7e-05,9.13e-05,9.69e-05,181.7044992
2018-02-27,8.94e-05,9.34e-05,8.85e-05,9.23e-05,197.3788337
2018-02-28,8.690000000000001e-05,9.02e-05,8.51e-05,8.96e-05,287.66234
2018-03-01,8.48e-05,9.05e-05,8.420000000000001e-05,8.68e-05,233.15955040000003
2018-03-02,8.31e-05,8.48e-05,8.23e-05,8.47e-05,216.4769958
2018-03-03,7.929999999999999e-05,8.420000000000001e-05,7.829999999999999e-05,8.3e-05,308.9751901
2018-03-04,8.87e-05,9.22e-05,7.91e-05,7.929999999999999e-05,1099.944527
2018-03-05,8.32e-05,9.6e-05,8.14e-05,8.88e-05,2860.329791
2018-03-06,8.46e-05,8.98e-05,8.31e-05,8.32e-05,1192.046184
2018-03-07,8.706e-05,8.896e-05,8.3e-05,8.478e-05,624.61510416
2018-03-08,8.777e-05,8.87e-05,8.652e-05,8.708e-05,288.69080198
2018-03-09,9.022e-05,9.302e-05,8.692e-05,8.771e-05,341.6865972
2018-03-10,8.925e-05,9.04e-05,8.75e-05,9.006e-05,186.7172475
2018-03-11,8.646e-05,9.109e-05,8.536e-05,8.925e-05,318.93122712
2018-03-12,8.632e-05,8.699e-05,8.4e-05,8.659e-05,254.00454144
2018-03-13,8.546e-05,8.640000000000001e-05,8.451e-05,8.640000000000001e-05,129.42335872
2018-03-14,8.324e-05,8.641e-05,8.176e-05,8.546e-05,229.64867176
2018-03-15,8.190000000000001e-05,8.366e-05,8.135e-05,8.324e-05,93.2537151
2018-03-16,8.323e-05,8.598e-05,8.23e-05,8.598e-05,199.62490779
2018-03-17,7.944e-05,8.371e-05,7.829999999999999e-05,8.318e-05,212.86226040000003
2018-03-18,7.943e-05,8.208e-05,7.191e-05,7.942e-05,751.3103393900003
2018-03-19,8.435e-05,8.446e-05,7.702e-05,7.92e-05,352.92520795
2018-03-20,7.966e-05,8.44e-05,7.914e-05,8.435e-05,398.18154558
2018-03-21,7.758e-05,7.983e-05,7.629e-05,7.969e-05,415.15494012
2018-03-22,7.534e-05,7.744e-05,7.441e-05,7.744e-05,135.46049126
2018-03-23,7.288e-05,7.555e-05,7.269999999999999e-05,7.551e-05,162.06748303999996
2018-03-24,7.428e-05,7.599e-05,7.240000000000001e-05,7.272e-05,344.83650636
2018-03-25,7.576e-05,7.675e-05,7.402e-05,7.429e-05,159.89367704
2018-03-26,7.3e-05,7.63e-05,7.259e-05,7.575e-05,154.435953
2018-03-27,7.326e-05,7.391e-05,7.158e-05,7.226e-05,118.7844966
2018-03-28,7.267e-05,7.355e-05,7.228e-05,7.325e-05,97.99651237999998
2018-03-29,7.106e-05,7.756e-05,7.083e-05,7.756e-05,109.4256493
2018-03-30,7.319e-05,7.319e-05,7.071e-05,7.106e-05,165.32054734
2018-03-31,7.318e-05,7.397e-05,7.289e-05,7.319e-05,113.95809140000001
2018-04-01,7.104e-05,7.318e-05,7.095e-05,7.318e-05,132.89445696
2018-04-02,7.093e-05,7.179e-05,7.03e-05,7.104e-05,175.64076715
2018-04-03,7.476e-05,7.532e-05,7.043e-05,7.093e-05,718.78323468
2018-04-04,7.272e-05,7.534e-05,7.128e-05,7.476e-05,309.27794184
2018-04-05,7.323e-05,7.425e-05,7.186e-05,7.272e-05,343.28854599
2018-04-06,7.25e-05,7.343e-05,7.175e-05,7.323e-05,127.55280249999998
2018-04-07,7.163e-05,7.299e-05,7.115e-05,7.25e-05,180.45924975
2018-04-08,7.238e-05,7.269e-05,7.113e-05,7.163e-05,139.07114914
2018-04-09,7.313e-05,7.323e-05,7.204e-05,7.238e-05,248.28154223
2018-04-10,7.373e-05,7.419e-05,7.272e-05,7.313e-05,230.21477319
2018-04-11,7.865e-05,8.088e-05,7.3e-05,7.373e-05,981.7089854
2018-04-12,8.368e-05,8.583e-05,7.190000000000001e-05,7.865e-05,2848.2906352
2018-04-13,8.45e-05,8.975e-05,8.1e-05,8.368e-05,2189.4765425
2018-04-14,8.264e-05,8.504e-05,8.08e-05,8.45e-05,1010.67058936
2018-04-15,8.475e-05,8.494e-05,8.222e-05,8.264e-05,556.491213
2018-04-16,8.468e-05,8.497e-05,8.279e-05,8.475e-05,514.9535602799998
2018-04-17,8.475e-05,8.7e-05,8.429e-05,8.468e-05,1011.792621
2018-04-18,9.034e-05,9.186e-05,8.449e-05,8.475e-05,1621.4229523800002
2018-04-19,9.704e-05,9.745e-05,8.967e-05,9.034e-05,2092.124564160001
2018-04-20,0.00011414,0.00012295,9.69e-05,9.704e-05,11559.36219802
2018-04-21,0.00010451,0.00011484,9.751e-05,0.00011414,5900.31281371
2018-04-22,0.0001044,0.00011171,0.00010198,0.00010451,3368.2022856000012
2018-04-23,0.00010677,0.00010888,0.00010295,0.0001044,2320.76820165
2018-04-24,0.00010539,0.0001123,0.00010133,0.00010677,4228.17292161
2018-04-25,9.61e-05,0.00010593,9.184e-05,0.00010539,4677.7723451
2018-04-26,9.909e-05,9.955e-05,9.4e-05,9.609999999999999e-05,1653.1769330999994
2018-04-27,9.722e-05,9.998e-05,9.66e-05,9.909e-05,1273.6816505000004
2018-04-28,0.00010046,0.00010312,9.7e-05,9.722e-05,2289.92431894
2018-04-29,0.00010029999999999996,0.00010415,9.392e-05,0.00010046,2888.2063028
2018-04-30,9.701e-05,0.00010047,9.63e-05,0.00010029999999999996,1483.21450795
2018-05-01,0.0001008,0.00010173,9.405e-05,9.701e-05,2850.5410415999995
2018-05-02,0.000105,0.00010622,9.986e-05,0.0001008,3235.846530000001
2018-05-03,0.000102,0.00010566,0.00010007,0.000105,3137.554782
2018-05-04,0.00010187,0.00010612,0.00010015,0.000102,3045.62409668
2018-05-05,0.00010611,0.00010775,0.00010175,0.00010187,3064.98597057
2018-05-06,9.861e-05,0.00010747,9.647e-05,0.00010611,4342.663011090001
2018-05-07,9.432e-05,9.858e-05,9.03e-05,9.861e-05,5086.60091784
2018-05-08,9.384e-05,9.566e-05,9.105e-05,9.432e-05,1574.7515615999994
2018-05-09,9.082e-05,9.388e-05,8.7e-05,9.384e-05,2002.60588468
2018-05-10,8.757e-05,9.167e-05,8.709e-05,9.082e-05,1040.44079979
2018-05-11,8.354e-05,8.798e-05,7.602e-05,8.757e-05,4202.59506874
2018-05-12,8.46e-05,8.626e-05,7.979e-05,8.354e-05,1350.4481424
2018-05-13,8.8e-05,8.987e-05,8.3e-05,8.46e-05,1327.404144
2018-05-14,8.741e-05,8.896e-05,8.428e-05,8.8e-05,1518.69158386
2018-05-15,8.347e-05,8.894e-05,8.317e-05,8.741e-05,1311.28932676
2018-05-16,8.684e-05,8.687e-05,8.323e-05,8.347e-05,771.33867148
2018-05-17,8.383e-05,8.690000000000001e-05,8.361e-05,8.684e-05,349.96895718
2018-05-18,8.439e-05,8.484e-05,8.329999999999999e-05,8.383e-05,451.68279114
2018-05-19,8.438e-05,8.534e-05,8.338e-05,8.439e-05,309.4478709400001
2018-05-20,8.504e-05,8.571e-05,8.438e-05,8.438e-05,436.39908768
2018-05-21,8.291e-05,8.509e-05,8.197e-05,8.504e-05,708.55283968
2018-05-22,8.147e-05,8.337e-05,8.023e-05,8.291e-05,665.35106981
2018-05-23,8.012e-05,8.229e-05,7.726e-05,8.147e-05,1648.78154812
2018-05-24,8.433e-05,8.499999999999999e-05,7.977e-05,8.012e-05,1156.5218592
2018-05-25,8.284e-05,8.445e-05,8.2e-05,8.433e-05,499.48353148
2018-05-26,8.448e-05,8.509e-05,8.249e-05,8.284e-05,640.1700096000002
2018-05-27,8.359e-05,8.499e-05,8.101e-05,8.448e-05,877.0363107999997
2018-05-28,7.869e-05,8.394e-05,7.867e-05,8.359e-05,612.84613983
2018-05-29,8.196e-05,8.540000000000003e-05,7.868e-05,7.869e-05,1155.30766824
2018-05-30,8.306e-05,8.449e-05,8.147e-05,8.196e-05,759.14954538
2018-05-31,8.329999999999999e-05,8.371e-05,8.206e-05,8.306e-05,547.4343553
2018-06-01,8.35e-05,8.388e-05,8.263e-05,8.329999999999999e-05,537.231151
2018-06-02,8.585e-05,8.609999999999999e-05,8.329e-05,8.35e-05,1172.4836692
2018-06-03,9.09e-05,9.09e-05,8.538e-05,8.585e-05,1454.1279363
2018-06-04,8.884e-05,9.288e-05,8.686e-05,9.09e-05,3519.0661151999993
2018-06-05,8.994e-05,9.04e-05,8.706e-05,8.884e-05,1608.18080424
2018-06-06,8.957e-05,9.03e-05,8.9e-05,8.994e-05,855.17100812
2018-06-07,8.948e-05,9.03e-05,8.914e-05,8.957e-05,690.2979339999997
2018-06-08,8.966e-05,8.98e-05,8.825e-05,8.948e-05,653.6396009800002
2018-06-09,8.887e-05,8.995e-05,8.839e-05,8.966e-05,379.75688451
2018-06-10,8.640000000000001e-05,8.89e-05,8.240000000000001e-05,8.887e-05,3080.252448
2018-06-11,8.782e-05,8.79e-05,8.496e-05,8.640000000000001e-05,829.6637302199997
2018-06-12,8.591e-05,8.797e-05,8.479e-05,8.782e-05,879.4496735199997
2018-06-13,8.474e-05,8.612e-05,8.044e-05,8.591e-05,1225.87248246
2018-06-14,8.486e-05,8.607e-05,8.287e-05,8.474e-05,884.20708628
2018-06-15,8.4e-05,8.494e-05,8.329999999999999e-05,8.486e-05,476.336868
2018-06-16,8.304e-05,8.412e-05,8.240000000000001e-05,8.4e-05,421.77220080000006
2018-06-17,8.198e-05,8.312e-05,8.159e-05,8.304e-05,385.96774256
2018-06-18,8.1e-05,8.228e-05,8.011e-05,8.198e-05,816.3146790000003
2018-06-19,8.369e-05,8.578e-05,8.339e-05,8.36e-05,72.18873436999998
2018-06-20,8.165e-05,8.398e-05,8.135e-05,8.369e-05,58.11397925000001
2018-06-21,8.241e-05,8.427e-05,8.171e-05,8.165e-05,180.69595686
2018-06-22,8.162e-05,8.311e-05,8.133e-05,8.241e-05,191.57993316
2018-06-23,8.149999999999999e-05,8.219e-05,8.037e-05,8.162e-05,64.4520745
2018-06-24,7.934e-05,8.171e-05,7.749e-05,8.149999999999999e-05,162.41731069999997
2018-06-25,7.859e-05,8.066e-05,7.767e-05,7.934e-05,124.36545281
2018-06-26,7.588e-05,7.900000000000001e-05,7.579e-05,7.859e-05,124.5585376
2018-06-27,7.856e-05,7.902e-05,7.55e-05,7.588e-05,222.52795616
2018-06-28,7.753e-05,7.857e-05,7.676e-05,7.856e-05,124.95975279999999
2018-06-29,7.597e-05,7.798e-05,7.388e-05,7.753e-05,1107.12630788
2018-06-30,7.561e-05,7.822e-05,7.45e-05,7.597e-05,964.18832247
2018-07-01,7.493e-05,7.569e-05,7.301e-05,7.561e-05,595.3907828
2018-07-02,7.709e-05,7.8e-05,7.45e-05,7.493e-05,1136.58196548
2018-07-03,7.755e-05,8.1e-05,7.682e-05,7.709e-05,1722.53928165
2018-07-04,7.783e-05,7.899e-05,7.654e-05,7.755e-05,803.3122271000001
2018-07-05,7.569e-05,7.813e-05,7.481e-05,7.783e-05,675.32525388
2018-07-06,7.406e-05,7.569e-05,7.123e-05,7.569e-05,837.82715296
2018-07-07,7.431e-05,7.431e-05,7.318e-05,7.406e-05,333.82377902999997
2018-07-08,7.339e-05,7.485e-05,7.3e-05,7.431e-05,492.07011574
2018-07-09,7.335e-05,7.399e-05,7.3e-05,7.339e-05,341.85948434999995
2018-07-10,7.264e-05,7.358e-05,7.209e-05,7.335e-05,737.0277404799999
2018-07-11,7.325e-05,7.325e-05,7.24e-05,7.264e-05,532.178537
2018-07-12,7.251e-05,7.325e-05,7.22e-05,7.325e-05,393.43577952
2018-07-13,7.273e-05,7.379e-05,7.238e-05,7.251e-05,628.61426306
2018-07-14,7.266e-05,7.274e-05,7.208e-05,7.273e-05,285.64273584
2018-07-15,7.293e-05,7.303e-05,7.234e-05,7.266e-05,367.75273391999997
2018-07-16,7.486e-05,7.501e-05,7.225e-05,7.293e-05,1533.03533228
2018-07-17,7.449e-05,7.486e-05,7.421e-05,7.486e-05,90.82111311
